centroid_lon,centroid_lat,bld_area_m2,bld_perimeter_m,area_perimeter_ratio,levels,population
55.948738,58.181238,392.3862319626294,57.945604142874565,1.4074712563893863,1,12.56875
55.949349,58.182125,408.1135256100979,92.07963950563679,3.703260543375896,2,18.175
55.948163,58.181475,269.53339025466903,38.47469041457617,3.471143977880217,2,12.69375
55.948675,58.181992,197.6758942607791,23.26988959311917,4.8562966817804,3,18.23125
55.949636,58.181418,235.49694344120056,20.259545983340537,3.356437026392413,4,12.9
55.948217,58.181864,161.59586790221286,82.83554265137843,1.1491956623083692,4,18.0625
55.94757,58.181708,249.92856845932621,56.85470616432071,1.116531638049779,2,18.675
55.947435,58.182025,79.16981027096627,69.71927578572037,3.799859397092747,4,18.94375
55.948316,58.178785,186.48499608913554,90.20723286374037,1.7373243102698912,1,26.964285714285715
55.948558,58.180479,61.46597347461849,65.98692094255301,1.704751818877046,2,48.811764705882354
55.946878,58.182557,192.82515060353163,94.48732490133534,2.3392327872771768,1,40.00588235294118
55.946663,58.184066,168.4916987712188,59.42369050979909,4.302357762840849,4,55.05294117647059
55.946276,58.183235,258.2903004409835,94.55783472958213,2.2877372620695215,2,39.59411764705882
55.946932,58.183686,327.1437258154915,76.93457972085915,4.609201214550005,4,39.71764705882353
55.948181,58.183985,264.2345898349479,52.3809626981181,1.83322150213933,4,31.28235294117647
55.949025,58.183976,401.6946426854211,20.185690016644557,4.869154787741392,1,31.21764705882353
55.80737,58.05665,266.27797125869745,47.703746851717185,1.095901241814523,4,14.064285714285715
55.80816,58.056317,141.64931221521462,31.728122249771353,1.488334829169915,2,26.02857142857143
55.807774,58.056931,331.9544451460861,93.41954046296388,2.3597847772956704,1,14.071428571428571
55.805861,58.05725,169.50964045986143,24.1989570062865,2.610883689901989,2,20.707142857142856
55.806265,58.057546,408.71879289890484,20.313128076752356,2.759050212030976,2,32.285714285714285
55.804594,58.057741,179.88080884722496,20.465303936424935,2.599926527899086,2,33.22857142857143
55.805034,58.058026,111.68871077003828,85.00722983264859,4.143072498919832,3,22.514285714285712
55.802815,58.058503,205.59039809192564,57.9404682698815,1.614429806651541,2,23.592857142857145
55.802196,58.058745,429.4444803327343,65.90596577356729,1.57431644406025,2,13.1125
55.804423,58.058307,97.0540545000764,35.34163276603714,1.1004603113735882,3,21.25714285714286
55.803947,58.058607,421.4893660098171,30.16690750400319,3.976593858537852,4,30.23125
55.80322,58.058779,66.81779631132899,41.33230891647072,3.5986378538586212,4,27.464285714285715
55.802528,58.059064,56.753861817467865,48.670061774289515,1.6577215639659255,3,23.90625
55.801926,58.059326,122.36278067119773,20.490602325870874,3.174303766522947,1,26.228571428571428
55.821348,58.063164,440.3734531194114,93.70710952153362,4.160647825457629,3,72.49411764705883
55.823324,58.06343,222.32511623620516,57.90938888892637,3.7350795709742943,2,36.05
55.824016,58.063235,194.17322866600034,55.888138061610384,4.331021709636692,3,35.42857142857143
55.824627,58.06305,379.44849354587126,92.64914884154494,1.0165739643217808,4,25.05
55.82504,58.06334,384.6760801191567,22.018586714742696,3.520337424850038,2,57.0375
55.797003,58.074836,199.44995584738624,71.05089005732204,4.520362407090289,2,41.82142857142857
55.798719,58.068872,337.42604857995474,53.883896348450534,1.6995764539970413,4,40.9
55.799258,58.068657,491.15536838799454,89.41222494939527,2.50032238155682,1,23.6375
55.799968,58.067744,305.0809009007954,21.610910633080096,4.904199969301876,4,138.51764705882354
55.80057,58.067501,421.1391575879753,64.85791748638397,4.514716291562616,2,139.61764705882354
55.801297,58.068086,353.46525280392615,67.0952992433829,2.0166803048964455,1,137.1
55.801468,58.067306,498.4557001764173,68.57437825232041,4.408109783410294,2,138.3235294117647
55.802474,58.06692,416.0936471242523,71.2643635896038,2.675569752218828,2,125.71176470588235
55.804181,58.061031,106.668815045662,48.61638694535579,2.345752231107812,2,13.578571428571427
55.802151,58.059617,64.6703292262391,22.73172369385721,2.6482033902584106,1,14.814285714285715
55.802887,58.068719,327.87670836357125,44.48329785901141,1.1661624667659685,3,165.56470588235294
55.79827,58.069162,307.4553276631242,69.56830644408262,3.016786617680482,3,40.525
55.797623,58.069414,213.53257954756054,76.47843409864808,2.161266037846257,3,40.6625
55.798701,58.069462,144.70098728390093,48.08197034995996,1.7805710085400648,4,24.2625
55.798108,58.069728,104.25003009450528,73.34977323406082,3.8522768466125705,3,25.857142857142858
55.799159,58.069752,51.85318189262731,60.204106949487795,2.1461931105425816,2,21.785714285714285
55.799555,58.070028,194.14039964838867,50.609943929194685,3.0925477694458605,1,26.37857142857143
55.798962,58.070281,190.28370563207753,98.24434006766624,4.173440152100136,3,27.114285714285717
55.800022,58.070328,241.49367590584592,58.290702230202896,2.08263480235333,1,43.69285714285714
55.79942,58.070581,226.05222621305745,21.83150478232499,1.4697520722667239,2,46.82142857142857
55.808116,58.057193,144.25270020900388,28.337457063373563,1.0683364672813238,4,14.607142857142858
55.804486,58.069776,103.18926530453312,89.84213933051358,2.717800104876135,4,134.16470588235296
55.828193,58.06055,272.43073917272557,80.07086635452282,1.6925453057546829,1,12.175
55.800498,58.085466,260.15238765506814,79.9926616290764,3.014584195538253,3,32.23571428571429
55.800606,58.068362,342.14936804751204,58.543144604823674,2.6449425799270974,2,98.6470588235294
55.800103,58.068496,208.79328201345456,91.55274652729263,1.8773604678047962,2,70.875
55.801315,58.068848,148.5671406747171,65.72945664231102,1.3360197419789328,3,39.2125
55.800417,58.068867,68.4067064485383,62.023897145045616,4.934233255851748,2,39.2125
55.80207,58.069324,242.5139313954394,69.93975409085378,2.3101590408697485,3,100.20588235294117
55.801145,58.069371,55.787301120351096,31.949638077863742,4.576410991940849,1,39.36875
55.801746,58.069586,338.13163875975874,65.82302110954907,1.5113560060871696,1,47.39375
55.805609,58.059774,285.58735178580116,47.267930998084175,4.497032553400848,2,13.464285714285714
55.806768,58.059969,127.2149195159787,78.22528821136453,1.979725418650442,4,26.107142857142858
55.810038,58.056769,430.05831137726636,32.08247545772813,4.687311322572016,4,25.814285714285713
55.80949,58.057036,51.661839277168504,50.80773508515282,3.635229488989045,4,29.857142857142858
55.808592,58.057365,87.9584991497587,68.28519994475369,1.7598683644798276,4,25.814285714285713
55.807011,58.058012,227.21720785574738,33.25399463699505,2.6546772624157686,1,20.885714285714283
55.8064,58.058265,210.34400025376848,86.77999423705153,1.8566738569317711,2,27.07857142857143
55.805717,58.058536,61.968740692096574,98.618383810739,2.0079672041209964,2,21.271428571428572
55.804531,58.058998,218.71485690009095,46.76563200784274,1.6672060547168743,4,16.675
55.803965,58.059255,427.2027199567508,24.088167636848077,1.6034424739616742,1,21.25
55.803319,58.059536,293.57313889468367,65.66375580890107,1.0649426552790575,2,26.978571428571428
55.802618,58.059817,118.93417702742607,39.78337239215772,4.77450678022534,2,27.12857142857143
55.804675,58.059779,202.33790617841953,37.45577921286432,4.312744610935004,3,26.25
55.804001,58.060079,244.759132803483,53.57066824109074,2.248674689432866,4,12.43125
55.803238,58.060393,414.8274141663969,51.387015745240625,3.680959607955785,3,14.478571428571428
55.799069,58.070814,490.2881777427499,75.12362630470065,2.464264470910071,2,24.08125
55.800651,58.070157,102.48517119064039,77.01809648103367,2.7206412420351187,4,40.30625
55.800507,58.069814,428.87259501735593,36.59073951020407,4.320842221307265,3,126.8
55.803857,58.069371,271.8307065722227,37.141995368252495,4.609191343569323,3,100.10588235294118
55.809822,58.056493,205.03234789713235,31.747389334626508,3.708425934683853,1,23.235714285714288
55.791856,58.075626,228.68618305274106,50.39699022544483,4.169396931821779,4,32.8375
55.792009,58.075288,305.7456613491677,75.87139392154013,3.5659408154228887,2,35.864285714285714
55.792368,58.075635,148.9829801349481,84.7460587977562,1.718116404791957,1,23.675
55.786754,58.077639,495.55611231072317,76.34373107592775,2.165049552423298,4,45.2764705882353
55.790086,58.072503,231.6640867101815,78.63986732325588,3.7670348420939077,4,9.842857142857143
55.699464,58.077686,232.76934561258057,77.0686509468852,3.0300618054457464,1,24.8625
55.698871,58.077601,269.53874489939005,76.28976221455768,3.332925642401337,3,27.275
55.714412,58.080285,70.2443801698378,89.57826141237105,4.107669277151194,1,259.195
55.708933,58.078562,275.7159940317953,82.49014881315037,4.557905851935769,1,16.3
55.714619,58.078629,88.46267742604269,57.401604742413184,2.120351487196075,2,31.87142857142857
55.709525,58.078576,156.42204652005486,70.6490848841115,4.77551158801461,2,15.20625
55.714619,58.078629,285.94135493620274,65.34350738743942,4.901355307982641,4,28.40625
55.710109,58.078667,70.65162069812325,71.02784656168794,2.841597200795021,1,15.0
55.714619,58.078629,497.54834862899247,79.67261262453701,1.9260820919660175,3,28.525
55.710738,58.078581,60.85243717444075,84.81503378838367,1.1141573544318804,4,13.05
55.714619,58.078629,411.08611977573116,82.2249766565663,2.2796876048157784,4,28.3
55.708295,58.078552,279.6052693174249,94.30230858895837,2.359337057066562,3,15.325
55.707702,58.078543,121.73658449583317,83.5461293674943,4.144129781497982,3,15.64375
55.7071,58.078524,341.0987399656533,61.195452422946374,2.982321274362048,1,15.7375
55.715832,58.078153,111.69621286543747,38.77047283545629,1.3228319122797596,3,149.8764705882353
55.715706,58.078805,210.96802387559958,51.02465754593128,1.0517445493443085,3,228.16470588235296
55.725749,58.080394,191.13657047104067,20.568520905322643,3.8186615149686176,3,204.11176470588236
55.711277,58.079733,191.00759356469555,45.838025965186816,1.7857653035988492,1,28.08125
55.710702,58.079704,396.3637161445442,62.500498905026134,1.371584289399011,4,28.68125
55.708843,58.079747,239.434942157107,87.82085404555697,3.080337079537703,3,17.05
55.708106,58.079695,435.6036855946904,97.37917781760835,2.6960193264301346,1,15.10625
55.712463,58.078367,249.32480896838973,26.930027456340106,1.1008865692962786,1,218.56470588235297
55.713532,58.078148,423.20919698785144,87.7521575610489,2.8736894958874557,1,225.5
55.713658,58.078619,239.9895431259098,63.084163911672924,1.197276399161281,1,234.75294117647059
55.713981,58.07752,80.88022021102822,37.906721941520956,1.8423973160965632,1,527.1705882352941
55.664816,58.074869,244.61477784239423,97.72858698078026,1.1522424379088902,1,92.978
55.662633,58.073898,85.36860521727688,22.95579734885922,1.506149095296546,1,139.31176470588235
55.774429,58.088578,301.17829023735885,85.3995067986793,2.2672626885532248,2,697.965
55.773521,58.088521,428.6139282553309,74.90089552654328,4.557696497677153,2,145.6
55.775588,58.089201,75.6429310131569,43.85211447736339,3.1535199118855832,1,279.15882352941173
55.774069,58.086932,132.23734858797866,29.809877863427914,2.99128777843685,1,166.4470588235294
55.77406,58.086418,68.956029982458,93.01748783460783,2.66412836986505,3,261.5736842105263
55.775632,58.08863,214.08786659615407,42.18312911460905,3.35064370389468,4,291.56470588235294
55.776351,58.086742,292.97210931050614,69.562420734558,4.272399984073106,4,236.68823529411765
55.739448,58.073855,363.39487423506654,40.89687201387101,4.685131652813341,2,235.81875
55.737382,58.074117,243.4960810517022,24.67380802702464,3.2987100447711515,2,281.29375
55.737238,58.074721,458.90651033196644,52.376531559852026,1.4397194558703035,4,286.73125
55.733717,58.07455,351.8582122107819,49.188868826893184,4.943610680526815,4,155.68823529411765
55.736232,58.074426,365.72476972784625,21.30263362303479,1.169828070693483,3,122.95882352941177
55.732747,58.074621,274.6444644221018,44.72650955193366,2.675064649710357,4,144.30625
55.731795,58.074736,226.14723793737525,24.338282999141015,4.188355332060751,1,144.25
55.730851,58.07485,342.30975443027387,88.14187782684931,3.122083818194176,1,145.98125
55.753803,58.078962,209.94449715032582,33.319803903974034,2.413038667301426,4,139.65
55.754881,58.079295,377.96569436549873,29.57557117821379,4.612884785203983,2,132.07857142857142
55.738218,58.078695,192.98760554997045,91.77311380331739,3.1138984470987254,4,186.78571428571428
55.736107,58.078871,138.61722484520953,31.022813771655535,3.266740203596531,3,90.32142857142857
55.738972,58.078938,103.88095813177253,79.00285022846654,1.3754052300357458,4,25.142857142857142
55.736879,58.079109,378.9770999087681,85.19512264222743,1.5229560436289393,2,77.20714285714287
55.739565,58.079138,327.91781717987027,66.53977361937729,1.7104746755059197,4,46.91428571428571
55.737831,58.079033,200.41449505087178,78.27759973296071,3.2003155030397155,3,183.4
55.740077,58.079319,114.56010126240679,91.93974195289238,1.1010285372947415,1,29.45
55.738568,58.079271,142.91720275761588,95.84375549218579,2.4955582795029985,1,28.15
55.740697,58.079509,111.64868045033087,61.20641102160348,2.3739895360985557,1,54.56428571428571
55.739143,58.079457,178.6096238134448,54.47662222135773,2.141779611179617,1,52.121428571428574
55.739727,58.079652,463.22482629927026,45.68927976753628,4.846177906482053,1,32.68571428571429
55.742161,58.079966,359.7014237529148,72.1614762995783,4.444309301293897,4,97.04375
55.740338,58.079856,97.50693069775812,84.17423946403945,1.0275141180357803,3,88.22857142857143
55.742889,58.080242,404.5604452573342,42.01887122681835,4.887603846398276,1,40.2125
55.741317,58.080194,125.56203986583131,29.757580489035345,2.3154861621992326,3,59.8
55.743616,58.080451,139.65725071126528,99.58334437121381,2.493104454293916,2,58.25714285714286
55.744254,58.080656,435.9360528320728,64.66660704271405,3.721171843629137,4,50.371428571428574
55.741964,58.080399,215.53031632456432,71.4889241014915,1.7319557607706089,1,29.114285714285717
55.745503,58.081065,311.3858982410426,99.76928576672444,3.3360906346215375,1,76.71875
55.746114,58.081255,111.76567905239366,27.344336806582675,3.31467718617906,2,53.81428571428571
55.74668,58.081436,464.1215669177709,85.21530963978707,2.2790869931934807,3,40.878571428571426
55.74261,58.080613,454.85073841932535,66.29274124877665,2.4105679551345114,1,64.70714285714286
55.743185,58.080998,305.5072147276479,39.952818165822215,4.80222802164246,3,51.95
55.743913,58.081251,171.84789247684267,85.81777855352938,2.103137584013651,4,52.23571428571428
55.749824,58.082445,330.9013622788307,42.551255714676046,3.1064298493459757,3,122.75
55.749357,58.082217,317.295250739845,96.11901338779718,1.9187599870538894,4,33.98125
55.750417,58.082545,120.48889430171599,23.663590809747078,1.8276332209322783,3,37.61875
55.750507,58.082126,139.96099787362414,63.3571523048169,1.480327598158687,3,180.3235294117647
55.744784,58.081313,74.8842976649295,58.35500291016664,3.987978035360193,3,64.22142857142858
55.745754,58.081627,394.1488719096508,99.18591122720555,1.2654250675923677,1,53.32857142857143
55.751953,58.08314,226.55495262509467,32.47419797683592,2.110929936416098,4,142.75714285714284
55.746446,58.081845,470.2741137028789,43.744700797354014,1.1703934622543648,4,47.50714285714286
55.75286,58.083444,476.0033210792825,51.087083643576285,3.224331707322045,2,189.4625
55.754109,58.083853,100.6376159495581,49.219266109772335,1.5026984976911608,1,156.5875
55.747991,58.082421,466.83944919185916,90.55945657038149,2.4454511278156845,3,30.142857142857142
55.75162,58.083516,407.1253677028216,35.48310507397584,2.830476212718928,3,77.34375
55.751809,58.084087,150.50416476801854,28.691836270453372,3.2883790199969107,4,265.39294117647063
55.753561,58.084172,439.0208610312965,92.27815814765792,1.3374381742391854,3,351.0352941176471
55.762194,58.086394,206.737624754454,56.11649063607296,4.129331586450624,2,52.15
55.762113,58.086727,387.2616158235879,60.895411706761074,4.193960612883119,3,33.57857142857143
55.762751,58.086941,275.5458824958805,63.46956207066526,2.495278256660753,3,39.93571428571429
55.764538,58.08707,133.43377059174492,34.16184609741023,3.4913912366999353,1,24.264285714285712
55.764547,58.087512,154.1890655394514,86.29679588022499,1.8555214957722308,3,80.75
55.766838,58.087779,131.4386418977607,69.81945302819845,2.280026482000805,3,79.88125
55.737059,58.080903,357.7974779733076,94.30997264301163,3.8037100164087603,4,192.79285714285714
55.737436,58.08126,365.06836626748606,48.52436062228682,2.5776295363444963,1,249.09375
55.733367,58.078586,188.34506235331037,67.99866666687674,4.594939724942261,1,158.6875
55.732567,58.079138,376.63387077702333,23.93114005377031,1.4490669269839782,2,279.71875
55.732379,58.078134,83.30263968284055,76.40840722883367,2.0001727946344237,4,157.39375
55.731022,58.077691,254.04318659145508,72.36122990932583,3.707723474474439,4,230.425
55.784921,58.085971,351.4314892487942,23.266232047551362,1.71157865005264,3,152.05882352941177
55.78493,58.08677,318.7478402472094,32.056462860059476,2.8292418723106905,2,246.6125
55.784256,58.088507,372.84467157768836,66.90598549561898,4.517413116935948,4,226.97058823529412
55.784885,58.089382,412.0339055157382,82.88998079638736,4.954348766026354,2,217.83684210526314
55.783825,58.089548,316.95707591946115,72.59417714064851,1.4498768537557303,1,235.63529411764708
55.784885,58.090186,360.01716098258186,81.13124844241874,3.0617172448186025,4,153.1529411764706
55.740293,58.075688,365.8936950785646,69.47631979910405,1.846679869831569,4,199.16875
55.739969,58.074912,316.89032234248083,27.52243577391253,1.6353139856356513,1,150.63529411764708
55.740499,58.076839,417.610723868143,50.926281140421146,4.665728833330174,2,204.53125
55.73934,58.075431,394.90915366831626,73.21891568796445,1.4447171418968159,3,185.75625
55.739376,58.07633,161.64760475340393,53.12855699393516,3.851843224604304,1,272.83125
55.737463,58.07544,312.8367629948419,23.09491182375143,2.5158772280676494,2,208.2875
55.737436,58.076159,482.53482314878744,24.578641877944953,3.390157727340207,4,279.7875
55.736601,58.075407,163.71437932244635,51.723402150164446,1.5179986291254774,3,209.31875
55.7359,58.076292,283.1042757351257,50.87059616097284,3.6606635238449687,4,203.975
55.733214,58.075116,482.7858887235127,26.982908330302962,4.038910174161688,2,205.34375
55.734696,58.075945,162.33565335178784,56.287428780412334,4.425304662387468,3,217.45
55.732289,58.075245,342.83434257988506,34.0480699582433,4.275200558525141,3,201.975
55.733358,58.075926,442.08312028585664,21.75568415608444,2.2455427629357456,1,163.30625
55.731328,58.075326,278.33331537541255,94.2799268606505,1.4886435869319152,4,205.9125
55.732226,58.076125,336.3539344523476,21.877127139121725,4.904626922046711,2,132.4
55.729863,58.075402,344.2705530418308,97.86864867205654,2.2204639499558154,4,627.5625
55.732441,58.081879,130.27013413803076,99.89853470117951,1.4733509354192482,4,207.6357142857143
55.73387,58.082026,465.04168866685706,21.073005115046925,2.915930323148238,2,79.1125
55.731768,58.081589,460.21766543876834,95.85614741847263,1.5732992949827795,3,154.0
55.731363,58.080789,207.9077800896335,72.95813686110176,3.614042417316918,3,212.85
55.733007,58.081384,93.54517902580083,78.14907641531337,3.6497542017048983,2,204.75714285714284
55.73254,58.080918,63.77701612287941,83.293655933928,3.731759161006415,2,169.02142857142857
55.73148,58.080094,490.74036840452385,30.006638381424267,1.3016944918571882,4,197.31875
55.732208,58.080332,203.72295527658866,59.97464410740755,3.1646193741581587,2,198.425
55.733564,58.08087,326.4506557433711,59.44133838909046,1.943825011974213,1,208.62857142857143
55.733313,58.080247,226.50212091033032,33.290022474782326,4.179218745727857,3,149.4
55.734175,58.080337,388.86438878879824,63.64662789605943,4.617573217998244,1,207.8642857142857
55.734355,58.079314,112.25667010268312,44.48973078983101,2.259352686766411,3,154.475
55.73749,58.077239,380.3115141352334,96.31882764876325,2.899810430379538,2,140.948125
55.739026,58.07702,488.767091435583,33.72684715439921,2.49011432017862,2,275.9
55.738065,58.076554,267.27095953518364,20.91496736952419,1.6976408290207154,3,227.01176470588234
55.735747,58.079485,427.4040092009992,62.38730679303793,4.281979659684784,1,154.65
55.735406,58.079847,482.5378918201629,82.51709157029721,2.257152006639968,4,218.5407142857143
55.737319,58.080028,297.0623266367169,56.938182430155074,1.0508373865421512,1,143.90714285714287
55.737643,58.079695,416.82948571104504,80.27135400405453,1.5220336964325254,1,162.325
55.736987,58.080328,174.20582496376716,36.043281196681875,1.4582819578594508,2,148.75
55.738227,58.080718,124.55684555152712,81.58662164761338,1.6750470077192956,3,82.2375
55.762688,58.088901,458.29171026504343,56.13886857621492,3.136454330259917,2,84.81
55.763388,58.089039,184.13792255734188,46.43801241651946,3.948036589893152,2,115.305
55.73934,58.08068,52.44738025559056,80.74189145526861,1.0366580444676021,1,87.35
55.74023,58.080994,53.71215191729683,98.70762843709849,3.077147267483958,2,51.021428571428565
55.74076,58.08116,168.44054010993113,68.64398649059375,1.832859556065562,4,26.85
55.748917,58.084443,462.0530196171925,24.11887717147166,2.4008715251887804,3,32.94285714285714
55.741434,58.081384,403.4978925635173,56.69735408818843,4.069187906576231,2,26.62142857142857
55.750084,58.084819,392.37239795107746,69.70047959983174,1.3751168042556223,4,32.628571428571426
55.742152,58.081427,70.3845464413683,52.451935437279495,4.6546667002677165,1,52.55714285714286
55.75074,58.084905,137.91284387856848,39.113136394886226,4.646617327729793,4,33.07142857142857
55.742988,58.081503,75.62816059816645,74.51494616556201,2.0692038052986073,4,53.857142857142854
55.751207,58.085176,255.68026807923653,52.00968855760461,4.089807184472667,2,34.2
55.74341,58.081898,281.69254837850417,78.23267663545224,2.5778516717830833,1,50.107142857142854
55.751854,58.085271,185.6822712589654,48.8168698226002,4.176191377597919,3,32.45
55.743769,58.082107,192.85078969244393,26.59601968467132,4.651317855382298,1,62.642857142857146
55.752276,58.085528,89.46578423065895,33.60042828946891,2.529517008088081,3,33.05714285714286
55.744461,58.082307,60.70663355495729,69.66195976191148,1.4588158791259715,1,26.85
55.753435,58.085899,302.76980685810776,58.69804922364114,1.2450743300600573,4,32.16428571428572
55.745054,58.082502,167.0197906685941,43.35646109746543,4.4722607853332255,2,26.635714285714283
55.754163,58.086018,215.32316886727364,91.01688404084337,3.603252620681366,1,32.65714285714286
55.755375,58.086385,110.74853806402402,70.55218260876111,4.4431464709300865,1,32.56428571428571
55.756247,58.086613,215.39924055757714,33.275342629283735,1.5059717842761748,2,145.30588235294115
55.748746,58.083487,293.3908143892239,39.73101308043169,1.0021779766271957,4,24.057142857142857
55.749716,58.083958,404.77155197826227,97.33521211386369,4.5504897520972865,2,30.678571428571427
55.751387,58.084439,135.86740155447728,51.71818713651143,2.665153749947162,1,167.26736842105262
55.759202,58.087531,306.51192601060114,34.16216969715752,2.570941209081652,1,42.68571428571429
55.752429,58.084753,429.347012617859,82.1484880852783,1.7167309005293774,2,210.37894736842105
55.759768,58.087693,303.5423594497329,68.2861232821675,3.3293282578066505,4,25.25714285714286
55.754208,58.085267,471.88013114392413,53.72866102829911,4.621580100036271,1,31.014285714285712
55.760145,58.087912,345.479196484223,73.30596848212407,2.235414073849427,2,25.37142857142857
55.754711,58.085557,440.7786955154224,42.37852851510368,2.107197900462228,3,31.414285714285715
55.760675,58.087998,188.50010079380777,28.500764117936193,3.0536938980139263,1,25.385714285714283
55.761241,58.088188,284.1417672044736,97.85331431354898,4.957176817253693,1,41.214285714285715
55.755914,58.085914,95.6233011099315,65.37861302501774,3.5535084235012375,2,30.964285714285715
55.761026,58.087655,118.7068330361943,57.47522040311814,2.039391265201434,1,34.221428571428575
55.761798,58.087788,446.95975446246473,96.12069144028649,1.520550456213384,2,40.24285714285714
55.763793,58.088549,397.58619110326185,62.4830665149825,1.8548492282662603,2,23.8375
55.76426,58.088716,450.7282563910308,97.8420595821353,3.1361208034722776,1,23.46875
55.782091,58.0904,262.9936475227936,41.295869606197265,3.4531648614823642,2,153.8470588235294
55.783385,58.090405,134.44989657500776,79.47562855060448,1.4417667325713976,1,154.45294117647057
55.73051,58.076792,213.55171183586617,38.72958328792411,2.186161215069317,3,438.79411764705884
55.729549,58.077353,308.0856882301176,77.02573002404895,4.261792113336721,1,256.43529411764706
55.728776,58.078138,227.98594557958697,30.044625834185716,1.7921563259445041,2,458.88235294117646
55.729998,58.078391,437.3888953334578,86.18672984727577,2.1545177288190236,3,208.2625
55.730806,58.078077,376.77882176571666,58.46119460450167,2.5456174914464467,3,164.50625
55.728767,58.07879,181.94774551620338,70.55503376892717,2.3797878031947994,2,134.00470588235294
55.730645,58.078976,317.3807931442002,90.46822365078785,4.122204331994594,4,278.64375
55.727761,58.079047,151.91355098288415,95.44952396943914,4.854577104741737,1,350.8
55.726342,58.079818,400.8795518354151,89.30803759059873,2.119284365497885,4,458.88235294117646
55.727734,58.079966,60.07866106430123,93.13111168471912,2.085838358685269,4,209.71875
55.726674,58.080475,441.8026644874644,60.356986615401425,1.2186869922154488,2,159.6125
55.765904,58.086066,479.68237222089016,66.75019472503635,2.621435623349731,1,39.675
55.765446,58.086275,197.3463880886749,85.72202172823597,1.7551372349204954,1,24.22142857142857
55.767386,58.086927,248.61669578363902,85.1775627589827,4.40117166504011,3,39.15
55.767332,58.08736,232.26398108160956,69.2103057690955,1.6636102945075262,4,111.91875
55.768167,58.087189,97.77638248838181,43.57132297012133,2.4027820030762834,3,39.81875
55.770755,58.087555,92.89933321202179,89.8977973415393,3.6963461617148075,1,248.3125
55.772129,58.088031,163.69834510528165,49.02499655579608,3.1565503987667065,2,173.79375
55.771653,58.088402,434.36626852555287,55.20537863672793,2.669365276912974,1,139.99411764705883
55.77309,58.088901,185.58573421974162,52.18248058996858,4.995109317405221,2,85.77894736842104
55.761538,58.088645,277.201476341104,29.44745111580633,3.2535391864011447,1,32.4
55.763029,58.087469,297.7368263044717,43.974987496756206,3.3917290756443927,2,37.642857142857146
55.763604,58.087198,469.52979706588434,48.636648522516815,3.0290656930339592,3,38.43571428571429
55.763829,58.086803,440.6858839774935,25.822247891462553,4.782546788627226,3,38.114285714285714
55.763155,58.08657,470.3140325752012,39.50210110881211,4.5996767126696785,4,107.87857142857142
55.764377,58.086527,358.42966580025166,44.32951853112748,2.5147602823986146,2,39.17857142857143
55.763658,58.086085,454.1669377239853,52.92723501510824,1.6571533383409487,2,117.58714285714287
55.762912,58.085804,413.9734457890075,41.7706692819437,3.8869564514245445,4,166.7125
55.764583,58.086118,342.48761658015445,20.596681881193348,4.306118389735062,4,37.65714285714286
55.764008,58.085352,247.66735002159146,74.47646966253635,1.6026113756575118,2,221.875
55.765167,58.085633,207.83532681279246,82.3851109070491,4.948323059092847,2,20.178571428571427
55.764439,58.08491,336.00699096217534,46.60409992715472,1.0645068242224935,2,209.664375
55.765508,58.085328,139.95320367933613,45.724318134040246,1.2626300225788434,4,17.585714285714285
55.75012,58.083592,292.9464010220115,64.11624390824817,1.5836199882850561,2,31.057142857142857
55.752555,58.082469,308.99558300423604,84.25445453524618,3.926820714827558,3,187.4375
55.753184,58.082697,200.48074601316495,40.36108271694474,3.1491653315608237,1,85.33125
55.751495,58.082559,224.93665701181436,80.44709566162177,4.215920936246393,4,267.425
55.753884,58.082107,59.562278108794985,31.736860425906997,4.044650766807279,3,191.69375
55.751279,58.082102,306.8524200890506,32.10186633470628,1.9141655102894521,4,79.63125
55.753228,58.081845,347.1361174843687,20.892014281110498,1.1276472923972758,3,109.25625
55.752204,58.081945,198.29306976308723,41.53697838912889,2.4898706436694815,3,179.66428571428574
55.753812,58.081313,231.20870052421603,94.60253619136904,1.1293693038301993,3,118.896875
55.751234,58.081379,408.31673940641275,87.92748020144441,4.09228362649829,4,190.775
55.754477,58.080727,345.9125746374016,27.679030098708076,3.4654528235058257,3,86.7875
55.752824,58.081431,122.09905784310182,27.345197112926456,3.3726061550360407,1,262.125
55.755214,58.080242,288.22663579356737,46.28947140573116,1.8788309430980101,2,147.225
55.751585,58.080841,200.69481785744833,32.69276971195233,1.2745107121349006,3,78.4875
55.752842,58.079956,293.54188538552575,90.47565363969147,3.245176558589014,4,157.40625
55.754037,58.080308,305.2742150027744,70.55581183412849,2.5162837525048967,4,198.91875
55.754962,58.081489,93.71913540348626,60.001095982144236,2.9459066075663616,2,118.85
55.755007,58.081108,65.64902806040496,57.158142829282674,4.579923000996586,4,154.0
55.755591,58.080865,136.29610638546123,35.9241653100089,1.8376986852605923,3,164.9125
55.756391,58.081955,144.0169537127909,98.57349513683,4.5448247820007195,4,120.9625
55.756399,58.081541,332.04616554631303,60.34746510241511,2.0751823709176414,2,185.60625
55.752833,58.086213,340.76541342544914,35.11061255712353,4.5772410524404386,2,152.4470588235294
55.752204,58.086009,97.15999280533764,68.55343753296258,4.132947642073214,3,159.11764705882354
55.755025,58.083501,222.17796698985302,55.53524391964524,3.9986732092309807,2,157.575
55.755223,58.082907,351.9408713354975,81.13576436938071,4.628758912180963,2,156.125
55.759526,58.080975,418.45078706686724,56.65283854931222,2.361615981873383,3,49.36875
55.756175,58.082531,125.8249326079558,44.21882788151698,2.048404738109442,2,195.225
55.757235,58.081622,494.42133541378814,83.018087068395,1.0133842727164097,1,93.2
55.757585,58.081117,124.60365598749375,48.63593198362977,3.3610766642470327,3,162.53125
55.746563,58.082488,464.76684941852386,23.283916448461177,3.090149157646281,1,405.6117647058823
55.748647,58.081864,458.328537703061,46.36459554942186,3.151420004756085,2,141.72142857142856
55.747731,58.081598,371.8236139725962,47.34637619294457,2.229886620871115,4,128.78
55.747488,58.081003,252.97309211901484,85.16034020896038,2.801235616095778,1,153.4470588235294
55.751854,58.079771,156.9798559594326,21.340208401860153,3.0818150513458282,2,433.49285714285713
55.751854,58.079771,491.47093847716303,78.24582594513835,4.879575970028363,2,423.86428571428576
55.74871,58.080756,375.2782857317344,61.6470806673868,1.316974800009278,3,241.22857142857143
55.753076,58.07801,299.1953847644829,29.831042857970182,1.0946065370356264,2,245.675
55.751243,58.078538,252.3411683188083,76.21478031147453,2.3953840819251084,1,245.43571428571428
55.766137,58.088102,367.36106656674895,91.56261740590679,1.7545685799106785,1,26.54375
55.766227,58.087588,466.7715728467911,95.99439682268925,1.5464079033511915,4,41.15714285714286
55.765428,58.087298,435.5290708731935,82.76905222523202,3.233881794673815,1,34.878571428571426
55.766488,58.087217,381.52194152290775,30.830743763136283,2.987486720829812,2,41.91428571428571
55.765526,58.086899,96.25246420906923,36.17293377860254,2.451767721509077,2,33.4375
55.766119,58.086632,388.71316565615285,78.02845852012098,1.5958654466171889,1,38.17142857142857
55.767943,58.087555,288.5737565932086,20.55606163745776,2.0906091944811567,1,39.7375
55.767476,58.087969,243.50943921745534,75.75433796823583,4.856681072702768,2,39.0625
55.747515,58.080094,185.33020995399693,22.25733564294382,4.897782435888679,3,466.03125
55.745979,58.079519,291.01237632554694,37.82548202194421,3.1860083666478656,4,472.2882352941176
55.745431,58.080066,194.05591916453562,94.99536254636152,1.8004091198501997,4,154.71764705882353
55.744533,58.079885,497.3771846487584,38.52985384400477,3.5550265527441516,1,154.66470588235296
55.729315,58.080998,146.1985047719105,36.5629074283097,2.944879434488898,4,279.71875
55.729737,58.080156,487.9747536246448,20.237511448494267,4.663081739245464,2,322.9529411764706
55.728363,58.080903,181.7105070257883,20.725507633577116,2.310225452745401,4,113.775
55.727546,58.080661,243.9280789300166,73.91202425477276,2.5229450201146384,1,207.70625
55.777887,58.085452,102.39934866863487,40.29086507983594,4.088900613540847,4,455.3529411764706
55.779648,58.085895,487.1575003798172,76.05012954459292,3.3907799665744647,4,170.03529411764706
55.781597,58.085428,454.6665628913849,55.67026670362512,2.9509566156910765,2,350.28125
55.782181,58.085937,295.83175227683887,74.57389452991897,1.5105171303130298,4,162.14375
55.7836,58.085471,280.71892415344803,46.715750199557114,3.445618169827541,2,304.0176470588235
55.757585,58.090172,294.66299283170036,48.528822432011566,3.8152354007669453,3,210.1375
55.756786,58.090262,52.167042922197055,83.00367358622849,4.89741023906571,4,208.74375
55.759768,58.088483,353.3939895274246,78.24866110648505,1.7357391059734106,3,194.6625
55.7571,58.089092,63.28138217856592,44.798533166981194,3.1392082852525296,4,275.05
55.759076,58.088273,195.38888996338792,85.94296142659988,2.580490060348662,2,178.575
55.756337,58.089173,209.15044352962389,25.883481585568493,1.9027619961185263,2,211.58125
55.758403,58.088064,167.4600006830688,67.41293108837718,3.2624794749121366,1,179.51
55.755546,58.089282,225.21124964217364,59.23951115783372,1.4626856334038467,2,207.425
55.757648,58.087769,383.26065664843884,40.47253813144488,4.440255571153504,2,159.51875
55.76311,58.084477,356.8598035473093,92.34632528167595,2.9291318863975304,3,164.35
55.736376,58.078357,497.92188419291995,56.82621858226077,3.1981772217281046,4,229.25882352941176
55.736376,58.078357,342.87377657173846,99.11061513701968,2.6201822818972005,3,227.63529411764708
55.736376,58.078357,464.65875359713834,92.4260794465388,2.820543935882467,3,156.1764705882353
55.749725,58.078405,234.39974522285323,42.734201810463766,1.3743792103772163,4,6.25
55.745027,58.078776,114.84129894212649,39.05560662102977,4.6043071903566695,2,14.778571428571428
55.74359,58.078795,409.58794973335034,85.81892558630541,1.135729657705431,3,46.90714285714286
55.742979,58.078829,493.4934950216166,87.75858133480958,4.049972291288766,2,23.907142857142855
55.73502,58.077053,203.0057426884426,90.64233715062932,3.1364763609813617,4,275.3125
55.733439,58.076539,432.5968703622702,53.508720294563965,3.7822843393883017,1,280.11875
55.763415,58.087793,240.1229568396244,39.307834433423956,2.2244726895870985,4,28.071428571428573
55.763954,58.087979,171.4035822702474,38.1434885201502,3.2037132370218773,4,28.092857142857145
55.76867,58.084244,213.955458904963,61.84752037449266,3.728054095065117,3,165.95882352941177
55.770692,58.084534,283.7551403041428,50.48800202865544,1.8341978119015234,2,176.7375
55.770692,58.084534,246.59189834535385,50.31895615717996,2.5900462247691376,1,163.6
55.770692,58.084534,385.2664675495395,58.626156722294745,3.127908977630542,2,162.7
55.772803,58.085076,155.27044998631624,23.114951834915054,3.1397900082099977,2,169.2058823529412
55.767781,58.084719,395.5736270394501,39.63684514403429,1.1800486152861298,4,161.3764705882353
55.73466,58.081879,113.7859930128574,78.60499409927952,3.5968892047827117,2,211.3625
55.736035,58.081108,300.4697062870614,98.0762033103806,4.286271789609816,4,137.79642857142858
55.735532,58.08155,307.7292918660696,27.166285561642212,4.843529600321414,3,138.47142857142856
55.736035,58.082155,326.44609347067825,39.2450630087332,3.9934646785763137,3,174.08571428571426
55.737185,58.082083,86.08528595258406,47.57828215995885,4.832728558076969,2,137.0857142857143
55.737149,58.082493,308.25293767846796,34.3020592854436,2.889457600079392,4,36.621428571428574
55.736241,58.082659,467.8853873652369,81.1338076547165,2.618867583081601,2,36.05714285714286
55.734517,58.082412,255.41912569332845,26.789138503082974,2.3510048015300313,3,33.15
55.738218,58.08225,107.33538100585373,59.390256589209606,4.186621493307209,2,79.18125
55.748422,58.084872,363.49105494473093,35.24371201253022,4.456195562055914,2,31.657142857142855
55.748872,58.085229,493.2132932635044,25.449732328312518,3.818057054813035,4,123.1
55.739592,58.082702,459.49836635880655,50.25744883784913,2.9786227111525356,3,156.36875
55.749617,58.085248,186.05508592132298,79.23582549269244,4.074918297485519,1,32.25714285714286
55.740823,58.083087,378.09821011443063,72.03111665295026,2.4297615648863804,4,157.8875
55.750075,58.085509,495.6218410690154,48.77970099373326,1.1045588707938832,1,31.928571428571427
55.741721,58.083382,177.30778966273107,49.143624782435424,2.3862982120276244,1,77.21875
55.742673,58.083677,254.02428080245156,26.843141253171375,3.1763811805321773,4,146.891875
55.743751,58.08402,95.62317675957385,90.50659458252039,3.5731393674729603,3,155.6875
55.746617,58.085248,466.9546196149075,60.64392604930994,3.5938468816592057,3,433.2470588235294
55.753471,58.086623,392.73817750462905,26.55935829294947,1.2762711984314374,2,32.82857142857143
55.750426,58.086161,368.8052974919438,22.346975290184634,2.0929340007762414,3,153.11875
55.753965,58.087317,186.42380333994276,23.48336493272747,4.817732410488808,3,230.4235294117647
55.756157,58.087365,246.0775639581225,55.21250417260951,2.6578098769100995,1,124.5578947368421
55.753372,58.087741,168.99148513904984,25.587492993452834,1.1868656981550134,4,154.1375
55.756938,58.087579,134.40051068483544,21.931234105112758,3.7357313550565805,1,179.47058823529412
55.754019,58.087955,484.54133835891577,53.92436621794318,2.4251768180467503,4,153.5
55.755366,58.088373,192.9075030156284,98.91682673605987,1.6189586934736697,1,154.1
55.756319,58.088083,208.92178719891672,24.80207438419952,2.2226382692184155,4,147.075
55.749482,58.086518,263.9476456632284,70.69870670422989,4.353605271812836,2,188.74375
55.750435,58.086618,362.1081364493189,57.423618780325405,4.985706819825588,2,100.1375
55.749923,58.086884,279.8274391084449,49.90988851881476,2.0631955958726476,3,110.16875
55.750902,58.087517,264.34519855560336,75.3039781531126,4.089779471033569,1,196.10625
55.75171,58.088055,368.758850943951,29.679866586649084,3.529917284659475,1,199.16875
55.75251,58.088587,348.50344403194896,76.57231024860462,4.304362451792377,3,202.05
55.754208,58.088607,218.73728240226535,89.60961441285295,3.8172865252887735,3,198.04375
55.753318,58.089101,463.9100966596953,96.24325011661217,4.157272512330437,2,163.69375
55.743814,58.08008,194.06224948356305,31.872590631200346,4.4788930050890015,1,36.5625
55.743482,58.079928,57.71106528554722,58.21503404220029,3.4944239134858774,3,47.528571428571425
55.743859,58.079599,364.1774781334199,38.5103689682429,3.6861206453816657,1,25.6
55.744191,58.079281,373.10331283160326,55.54490352504893,4.576680728290716,3,46.15
55.744389,58.078809,268.1906266304104,45.22168791994335,4.804558932618281,1,54.57857142857143
55.739817,58.080251,167.7088508670895,96.90948649437223,1.7212899711595884,3,29.021428571428572
55.742431,58.079028,463.2139208110301,51.84252854902905,2.0610647679842518,4,47.214285714285715
55.741964,58.07939,216.71629351791555,76.2430820664041,3.6230092653450203,1,43.2
55.741281,58.079204,235.492831787962,29.768501011247928,3.590032436054284,2,46.9
55.741766,58.078334,240.6170376671611,63.07528683284712,1.410941229212936,4,124.55
55.741236,58.075621,378.07517898855605,21.455593035676557,4.778077446499525,1,196.56875
55.740931,58.074926,197.6477324348206,95.63928332663097,1.0980738640906695,1,194.4875
55.740634,58.074184,461.33799917035844,74.50053020113322,1.2555725352062135,2,208.25625
55.738712,58.077743,486.758052392394,36.77146461098911,1.2348860939137425,1,196.375
55.739125,58.078405,197.98106425874312,23.90205984335644,2.343596731268494,2,63.3625
55.739529,58.077705,342.60746016772686,49.9063894014229,2.7683420907705116,4,199.70625
55.740257,58.078324,335.8562334833723,71.26744630916703,3.7844371272423243,1,99.975
55.740275,58.077639,364.16886519069504,80.86562132916339,1.6670222648033381,4,197.95
55.74102,58.077567,296.0028487205635,21.30462637539881,3.0367003490126354,4,196.2875
55.768787,58.085,183.25674274401263,38.77323191788966,2.850788512932808,1,208.15
55.76859,58.085633,466.41895644479087,88.50392639305988,4.472122277910856,1,42.06875
55.770027,58.085152,169.3888414479415,62.985812080443935,2.6850022634303303,3,241.70625
55.766694,58.086009,150.90152398533903,99.68233274953785,2.9619882561665705,2,208.63125
55.769704,58.085985,109.17206615725527,35.63064640950476,1.6867788793397054,1,54.225
55.770557,58.085666,113.29998877483507,45.11121905925802,4.72061506552528,2,164.20625
55.767449,58.086271,85.43779945386444,23.09524135418048,4.663166708747599,3,204.55625
55.770925,58.086428,84.10903948798313,88.21043469759715,2.131294087765588,3,194.63125
55.769209,58.08677,197.54051298628838,40.69765258269069,1.4648779748852157,3,162.84375
55.772237,58.08686,453.3792976732023,43.53489954874168,4.050312117831808,1,166.21176470588236
55.772551,58.08637,202.00843231986156,42.99323281967059,2.346773540750846,3,154.13529411764708
55.769856,58.087075,418.3206018187177,85.51815032029536,3.976322238704669,2,203.6625
55.77654,58.087274,400.6255892442212,47.66079938300302,4.286608640161565,3,236.19529411764708
55.771069,58.08716,162.52882566352645,75.76099591649927,4.175413576274863,3,206.525
55.772336,58.087579,252.21362121745543,92.67961998671387,1.5532873664544264,2,115.1125
55.779208,58.087284,455.01863753064816,79.66161749373374,1.5005081430590157,4,221.98235294117646
55.773279,58.087879,331.38898429654637,33.164207623013056,2.3653080128431028,3,262.2823529411765
55.77981,58.086694,455.3990487764667,45.45796753179732,1.2341563162690878,1,258.2375
55.782361,58.086732,182.89674876250913,32.09726245506783,1.4444009036358016,4,228.17058823529413
55.777878,58.089154,399.37950457806227,69.05481696557126,3.6125868778443513,2,210.05
55.781651,58.087284,368.93236652932893,76.00400471279417,3.3847366074512806,3,230.28823529411764
55.78095,58.087003,201.23108610442728,33.40740360474964,2.8268524567286493,1,152.78235294117647
55.782001,58.088821,178.6143294421124,24.594364219721882,4.103833076304095,4,230.1058823529412
55.783529,58.087022,271.95016913658884,98.10122654527032,2.979460701484455,1,152.38823529411764
55.782819,58.088868,81.2676486273286,32.26530083764456,3.633829964010508,4,229.62941176470588
55.784283,58.087327,398.4689000240261,83.12174507171565,2.9805565514544816,1,235.06470588235294
55.782594,58.088178,148.51376798587626,65.358928821695,4.183553750597828,1,227.58823529411765
56.071582,58.012324,265.9031589052829,71.09265377818868,4.3004604906598285,2,4.7375
56.11984,57.987323,114.29108171103906,65.42933467385306,2.95939913039598,4,422.45
56.106671,57.977899,335.7697919246631,79.11334750308839,3.1123627680157306,1,530.8
56.107335,57.980538,434.99063590513106,80.54907632093233,1.0431917629599128,1,67.96875
56.105844,57.978634,386.3339419380478,74.3135393693894,1.9106414616198983,4,101.29
56.108431,57.980103,182.23331739723298,86.69237914316119,1.514754372474858,4,12.1875
56.107713,57.98029,50.358127201292,73.5333440661276,4.234267201222228,4,194.165
56.106419,57.9787,390.98286630347303,88.73826707216163,1.3199168912828814,4,21.0625
56.107021,57.981087,494.03720389861223,60.665840231485106,3.677019848505625,3,94.525
56.107147,57.981774,229.326624118957,83.53744729674686,2.2052374706306157,2,28.5875
56.106886,57.982184,105.52110187304268,64.7779659422464,3.4160147524079183,1,30.43125
56.106203,57.981764,370.69588951922424,80.87370313917098,4.598408482885978,4,12.75
56.105754,57.980323,204.46309512902494,60.53080750978148,4.001204924905245,2,4.5
56.105826,57.982246,72.92834105364605,66.45958599706184,1.999211886067267,4,58.8125
56.105503,57.980633,174.28943055924344,66.70943194786167,1.5533608188306647,2,93.1875
56.105117,57.981158,305.39643209676655,37.55175072141132,3.8983905197026854,1,24.0
56.104595,57.981869,424.5152336364399,62.651380228421615,3.824477125544086,3,58.89375
56.104263,57.982327,143.67989414696558,66.34984506756291,1.6076857499161186,1,94.55625
56.103122,57.975135,64.82731222786933,98.40752269708189,3.6966463254270354,3,247.85294117647058
56.103302,57.97704,207.33278061545187,96.18313723296961,1.798931894657208,1,540.1411764705882
56.103455,57.97776,413.18223004324517,70.57885633861504,2.6230110085304714,3,130.16470588235296
56.103544,57.97872,307.6072033870762,76.75893170764162,2.641325473129283,2,432.7947368421053
56.104272,57.978557,423.9656387331361,36.62045619438983,2.76135608438642,1,184.12105263157895
56.118268,57.988372,302.75915641660083,92.0681293602487,3.299246218501191,4,428.895
56.118178,57.987475,301.52957232829533,77.83678835209945,2.938244234541747,4,419.155
56.118986,57.987857,291.90879962903864,99.19247614048518,3.1067456834651472,1,241.35
56.119939,57.988139,248.56712329279796,84.4106611155493,4.67984519203014,1,418.97
56.10835,57.975847,448.56413933472953,57.941515935061815,1.063145187090984,3,239.13882352941178
56.104155,57.976524,383.98255973905003,37.59232145487144,4.005489027808837,1,216.21052631578948
56.108009,57.976395,369.0180257817503,89.60524883550326,3.9550564816011216,1,150.05
56.107713,57.975231,75.41374354617265,82.93485892936899,4.403782432804551,1,227.76470588235293
56.106078,57.977054,371.1581321358244,77.86122520127444,4.548606443628222,2,73.39375
56.105009,57.975584,331.9164032915657,52.28287550881536,4.443002531346508,4,358.3875
56.103859,57.975875,397.8806858895216,34.07875693356556,3.116131905328777,4,50.8235294117647
56.100742,57.976381,85.1165440422267,89.10441174560107,4.939501829451222,4,229.17368421052632
56.10341,57.975708,110.04578307469441,79.26603697574797,3.648810969970482,3,49.529411764705884
56.109231,57.973732,302.4761749064269,64.67787811373577,3.9701339783893483,3,301.2852941176471
56.109446,57.9743,318.088705477875,33.89839565259837,2.0228064250026407,3,520.0823529411764
56.108521,57.974801,312.00714256987976,75.2461968952679,2.2044431871166097,1,152.48235294117646
56.107596,57.974377,302.989920436109,34.55889099957161,1.5188034254006926,3,301.7464705882353
56.106805,57.973713,168.57301385379688,76.5228168236532,2.9622241006832195,3,89.38235294117646
56.106383,57.974945,326.85169440169835,81.83602019005959,1.0018165795721896,2,127.42941176470589
56.10403,57.974754,438.664407545977,47.65937772827682,2.3148935873859062,3,254.41176470588235
56.101793,57.974768,350.1404779768857,74.20937564702264,1.2556094193139269,2,584.4278947368421
56.100203,57.977364,499.4017768227421,23.037764024191574,1.3046071008234112,1,588.5263157894736
56.102961,57.973599,71.89381178725566,82.21296868694616,3.9269875263183818,4,5.882352941176471
56.116651,57.988563,168.75485120461914,70.19506374711199,3.2264973868327655,2,422.795
56.117522,57.988854,89.96234614656282,64.25819416131648,1.7896199013760277,1,243.855
56.118232,57.989207,439.81153291536134,81.7433212982503,1.0012062985773031,1,423.565
56.290277,58.232017,428.7944244526429,49.017714727204606,1.0327076025679696,1,56.411764705882355
56.23943,57.931345,278.81550962854936,94.76503871019253,4.093468185601713,4,31.5125
56.30324,57.918429,382.2888892105424,23.34533631763169,4.447424828346991,3,22.28235294117647
56.303878,57.918319,273.98782432156224,99.04398945893998,2.3427597921503116,2,11.51764705882353
56.303357,57.918821,207.29332443213394,95.76280330378208,4.971435224103217,4,6.80625
56.303357,57.918821,359.2854955576506,90.93823668585196,4.415941214160512,3,15.14375
56.270874,57.922239,498.4228723086318,59.11827130043049,4.804433552313949,2,201.665
56.272679,57.922081,400.17535991512443,40.974599219034324,3.192885182169484,3,200.345
56.273012,57.923071,112.33560136906084,85.8636270965461,4.967793700920007,1,183.73684210526315
56.273829,57.921928,224.87284826105213,65.78045303584575,3.689674344543125,4,200.05
56.276147,57.920934,306.4499891462685,70.61176536379762,4.132078840369136,4,207.41
56.272634,57.923539,300.87071529793457,31.67995155539403,4.849783402238225,4,156.1
56.280324,57.921637,66.27042001644335,83.94932233989601,4.263221898641238,1,469.825
56.281842,57.921006,93.78914886485789,80.14364285713404,4.897127412191274,1,391.92
56.270568,57.919194,64.65238506706335,35.08557744788498,4.949661684398352,2,73.93157894736842
56.273865,57.918697,69.58958755511179,88.80385577605267,1.2379754200008417,1,30.68235294117647
56.269131,57.922229,340.5418914741626,62.63479357703112,2.665505807811781,2,207.312
56.269131,57.922229,247.2365213423546,73.68719000275543,2.9976978532023177,3,103.5305
56.269544,57.920738,459.8324590641389,32.774007411326174,1.9442867770210435,3,33.45625
56.269598,57.918855,229.68158944973194,71.87584173392902,2.6780531276410136,1,8.2625
56.269598,57.918855,276.9450208808124,42.518501751847296,3.5391706744738176,1,12.8375
56.269859,57.921297,365.92227917388755,58.3793126909984,2.8429060899026384,2,26.070588235294117
56.270739,57.921183,317.44765745787316,90.22224269528186,3.5627357049115975,2,28.925
56.270694,57.921785,317.24922469117917,23.86170468961005,3.092866921204463,4,31.21764705882353
56.271476,57.921125,53.4255536183689,98.66728949205564,1.1116360401501568,3,31.5125
56.272311,57.921077,345.97328484353517,97.99588196332571,1.0462724370427687,2,40.05
56.273164,57.921426,429.35101988782174,43.6649552765948,3.700800125974848,1,40.08235294117647
56.273569,57.920886,190.8768910947777,59.76832748325666,2.2232854537014135,4,40.61176470588235
56.275132,57.921125,119.3924401567726,88.08035325823363,2.365153423052656,1,55.62352941176471
56.274215,57.920824,220.06330598208524,49.46982688026032,4.4006950621662995,3,363.30526315789473
55.880879,58.057007,374.74313416484165,26.152032403427654,2.5376393348164874,2,60.91764705882354
55.882631,58.057645,466.2600024518174,28.018259496110627,4.405177170134932,2,26.07
55.881741,58.057517,189.85378973737684,21.50553472796193,3.0681745547166406,3,25.7
55.881113,58.057412,394.23282208861974,23.74094944130773,4.478534919483572,2,26.1
55.88034,58.057293,347.9774937273108,93.73078633711171,3.934174688868562,3,28.29
55.876908,58.084201,353.08746321584533,56.27400354679432,1.61365636493856,4,53.8125
55.877492,58.083939,114.78183907366778,63.20044133853499,3.881167358826423,4,55.675
55.876513,58.083673,469.9054943089029,54.75398223461487,2.407764325562309,1,54.54117647058824
55.877483,58.083501,226.6323229525841,32.93496121470084,1.496001644670522,3,58.1375
55.877178,58.082968,58.289315382023794,30.27240225279396,1.083223081215233,2,59.03125
55.878211,58.08323,229.80525503447294,48.52999091196423,1.3104927520130274,3,54.523529411764706
55.878391,58.084182,229.98198918514933,60.32730997768046,4.03975957951941,4,227.46470588235294
55.879226,58.083758,133.98168709566858,39.4477896155354,1.9211853877987632,2,140.49411764705883
55.875741,58.080099,378.73486812041693,37.013624146683675,1.9044459284705657,1,22.43125
55.862751,58.084781,388.30789479756334,99.17517792394666,3.308277669640957,3,51.99
55.861844,58.083911,303.1678831557582,76.46590676792152,2.490477841617744,2,28.6375
55.862248,58.084648,73.49002688221597,72.65111239489542,4.651373503349991,4,51.48
55.860847,58.085205,127.49536885531873,91.38122996885302,4.012307454554964,1,27.27
55.860577,58.085557,401.08357472603444,50.14643865844129,2.8218617015159806,4,24.585
55.860263,58.085885,113.67468365774585,90.25520194409725,1.2407717338735487,1,21.131428571428575
55.85993,58.086133,178.69706424601222,80.36639156771969,4.944268760376298,1,39.10625
55.85967,58.086485,86.12916792579685,94.29291770105704,3.5083221269039155,3,19.25
55.860577,58.086865,473.2514283030602,36.49865936242706,2.242205342437536,3,43.665
55.860775,58.087174,466.9364285047437,92.09981569197892,2.691819116220292,1,34.7
55.872776,58.075378,273.83743615290075,85.82367888031963,3.519108801068388,4,33.23125
55.875543,58.072484,473.3518399751271,59.194359863151206,3.9687144641857124,2,173.53529411764706
55.872022,58.075588,494.129114618824,36.92163917363448,4.178176369646064,3,87.30625
55.872327,58.075959,127.28400935846331,52.52658503479317,3.93436755588153,4,41.73125
55.871887,58.076378,492.19568610343157,96.68689877428326,1.0859920517502846,4,46.6375
55.872597,58.07663,226.2910740583015,91.87230151533834,1.594214024382198,4,26.38625
55.872291,58.077144,158.22093911480292,28.71361608850913,4.09944844190848,2,228.68125
55.872462,58.077653,264.255025641933,75.18167618026709,4.444119513266266,4,18.88125
55.871599,58.077625,219.56446763296105,96.2176011549319,1.3217477757760392,4,134.95
55.872264,58.078809,274.21283176507126,71.17807635070477,4.0064409827117995,2,26.505714285714284
55.872201,58.079252,99.92749525592856,36.86822901563491,2.803535136865259,1,42.01875
55.872165,58.079642,482.99800003524933,23.625564321769907,2.4547056799879625,2,32.971428571428575
55.871231,58.080247,294.25851591304325,51.50024232707064,2.4919015029924916,4,60.31
55.869722,58.075754,193.6059314838058,91.13591113081168,2.9374533169591786,4,371.4294117647059
55.868878,58.076692,483.7625627246027,31.76898748965824,4.728314249686527,1,103.125
55.871105,58.076054,498.36329941414596,42.507143560374516,3.596100946558085,2,257.72352941176473
55.870477,58.077039,196.05278702829173,43.93997662601062,3.301838084421948,2,259.72941176470584
55.870315,58.078053,434.17361223008555,89.803730317195,3.7228807457996855,3,258.38235294117646
55.870171,58.079043,93.89430697973467,82.62566473844686,2.2199046091849013,4,258.2176470588235
55.885308,58.149137,132.7837364301459,21.287499347865708,1.9519003999490345,2,29.3875
55.884886,58.148728,497.62457218093084,64.29862935093962,2.7456491547101733,3,32.5875
55.885838,58.149545,402.78247606227177,20.22792093959536,2.756077895729928,4,24.34375
55.884338,58.148301,412.48532601783,60.855577512052996,4.793253067113961,4,37.0
55.886502,58.149512,186.91650190607768,20.92500862770491,1.1783276739510944,4,33.95882352941176
55.732837,58.146016,50.61570613849496,40.840434618288135,1.0383759000760566,1,33.66470588235294
55.732388,58.146173,97.02671149117461,49.60999982365805,1.6142098179135198,2,33.62352941176471
55.732864,58.145484,287.0596675969058,97.1204885429778,1.3911855289011203,4,106.99176470588235
55.730968,58.145594,271.3396776883059,74.68953485927106,2.277273796848606,4,55.6764705882353
55.731408,58.145214,161.45178092356093,28.644674898735065,3.9689044405053964,2,77.41176470588235
56.114522,57.953958,395.03737973020714,77.33683670841178,4.58977696379442,4,4.9125
56.095208,57.949903,106.20592264339139,41.93339805103964,2.2518835415840206,4,29.625
56.062321,57.945232,137.5021127120221,78.39258757548605,4.126724509799047,4,97.28823529411765
56.062923,57.944467,136.45401130275116,81.96786610896032,2.1022092894152493,2,34.36470588235294
56.062959,57.94538,247.30378921598148,68.84564561852274,4.288250408222771,2,98.09375
56.063776,57.944998,90.0822810483959,90.85869321852363,3.599765825194964,4,54.71875
56.063533,57.945523,239.650651960374,80.62331107201231,1.3190020367314355,2,85.8625
56.064809,57.945303,169.34933891386635,73.4885364289706,4.968713325481337,1,78.61176470588236
56.064764,57.945877,187.95624943107384,30.860070677583273,3.961579645974025,1,102.08823529411765
56.066139,57.945705,455.07360922042614,91.7420587273971,3.004701737449296,3,77.2235294117647
56.066615,57.946249,183.31549569752926,35.043464441837784,2.5859862050031106,4,131.26470588235293
56.063057,57.944047,123.40099810475513,33.13816031464824,3.7615857338260104,4,20.42142857142857
56.063695,57.943397,261.7559631331636,46.9437950924969,3.594355883443924,3,35.96875
56.063551,57.944157,51.892427852069076,20.064333964493557,1.32184471900494,4,20.15
56.064234,57.943479,184.07053610658366,58.02097504682845,3.932554668935112,2,17.78125
56.065276,57.943684,219.4313082841887,55.699475724523566,3.4596100673214774,1,36.4125
56.064764,57.944635,207.6487111023596,51.20576762149052,4.21165268808946,1,35.4
56.065752,57.943842,185.57635967323165,32.49674953314198,4.778575084960812,4,35.35625
56.065231,57.944768,203.10839218710333,82.72957493740813,3.416032849873182,3,35.7
56.066228,57.943923,235.81035292955383,43.87086743128104,1.0543351660911364,2,37.45
56.065671,57.944907,412.7802213372041,97.66793057953946,3.949551285414621,1,36.3
56.062662,57.942982,473.4732277668217,69.34738738947662,2.8482191967682855,2,33.5375
56.061719,57.942719,156.82914625163176,73.89173903609526,1.0546775449478094,4,97.94117647058823
56.063111,57.943182,485.93949589726697,23.467760606661436,1.1883939277532924,1,63.529411764705884
56.064234,57.943082,217.52144621804266,74.42691458253327,4.6392448986843675,4,35.45625
56.06524,57.943254,307.0838942932313,92.17349642000084,4.700938752081861,3,33.370588235294115
56.066237,57.94345,129.97711083389567,61.7319370421815,4.239223239592923,4,38.8625
56.076802,57.946564,65.61607227199512,72.40368172442427,3.9160532277685585,3,300.435
56.077951,57.94708,186.40612343930837,28.242024741441647,3.789464270515968,3,74.44117647058823
56.010614,57.928954,201.83939749355446,98.34701202658975,1.034319563714858,4,8.94375
56.01621,57.93099,95.17994515083366,53.443459788609644,1.7599349052899473,4,6.357142857142857
56.044606,57.907223,78.95086557715781,27.5751765443173,2.4205475045717875,1,32.05
56.044606,57.907223,372.89537487575,69.62131732287587,4.122851197920118,3,32.39375
56.044139,57.907677,431.63878215992713,82.0246282036345,4.575113584250341,1,32.96875
56.044139,57.907677,223.38648475230838,96.59539891989002,3.8465773444065983,3,32.39375
56.044606,57.907223,113.60599490759883,22.16761765599518,2.7275551276476397,3,53.0875
56.045289,57.906864,120.60719791696035,26.777149194887766,2.0785054590442225,3,51.75
56.045927,57.906524,160.16336567071795,70.91126389557485,2.573837691942966,1,52.64375
56.043303,57.906477,132.5736538631727,89.23149265636565,3.9273677586838396,3,53.81875
56.044004,57.906132,290.67409705852253,49.57850367831563,4.112727958991492,2,53.01875
56.045343,57.905994,129.93488891699968,28.898004797039547,3.317330281847672,4,99.9125
56.043914,57.907423,176.68841445561995,67.04837354976908,2.5720409858572664,3,81.50625
56.044732,57.907863,328.364996037777,51.52704964368876,1.2604111026436327,2,81.025
56.0451,57.907529,176.35236310387964,65.00917143883044,4.732322734086824,3,77.06875
56.045774,57.90718,339.07397823225216,40.52025810771137,2.940750835343211,3,81.03125
56.042926,57.906874,372.2283832345484,35.069623111545255,1.1877581384904556,4,171.9875
56.046439,57.910488,281.48166979992334,72.18539649459208,1.573287055694503,4,170.63125
56.047633,57.936704,119.2786116870824,52.647193098588225,2.026266793660624,1,60.2764705882353
56.048666,57.93647,425.8666154062338,66.50314373652796,4.073717444225251,1,5.975
56.050185,57.935739,205.9175297181666,38.117136945957164,3.613259558225805,3,4.735714285714286
56.050921,57.935672,240.14036114643915,80.29826124333829,3.0474383009135284,2,25.105882352941176
56.049852,57.936422,414.5016303645359,75.93179928537899,2.169068365306079,2,17.55
56.050643,57.93647,87.8092561968196,81.52472721102441,1.205179783431375,3,25.105882352941176
56.051613,57.935878,423.45337626962896,94.21344919301626,3.6530446817011293,3,14.425
56.052269,57.935844,399.69193064747907,85.85237761472922,1.891398290138953,4,12.5
56.053041,57.93518,422.6142107820684,53.98174594324506,2.1629208821812034,2,17.7875
56.045172,57.937345,276.2922104950565,99.16302695331113,4.362819825887586,4,65.38235294117646
56.044804,57.937058,460.55007634703503,78.43281985548893,1.7751294782764497,4,55.65
56.045819,57.937669,298.82676827728744,52.305374932129205,2.3929849648906445,3,17.9875
56.046663,57.937087,446.15721803256235,95.46548777448547,2.4386454480802087,2,35.91875
56.047022,57.937512,310.6402303637326,97.08091896904575,1.4146314320168214,2,20.825
56.047714,57.937039,57.080283558589976,31.499187468496295,3.967737054517584,3,19.1625
56.048792,57.937254,154.0553728636346,96.6084179745559,4.540394166915152,1,18.29375
56.049906,57.936757,469.87962330429144,73.91700657483395,2.598691825120849,1,6.775
56.049987,57.937087,416.2232405539801,63.010634735853756,1.7534361832179393,2,7.79375
56.040689,57.936365,159.42917580911433,48.52488427067391,3.1035501076909267,1,5.6375
56.060982,57.942146,444.0382421408613,43.2662261516723,4.1382549951390075,3,28.476470588235294
56.062006,57.942356,353.4026200952277,91.79357481673183,3.7534637456396798,4,61.5529411764706
56.063273,57.942609,156.34383428135976,98.04745456979464,3.0638430020247185,4,64.11764705882354
56.064432,57.942805,311.4265046673738,45.21651670176524,3.877580083058941,2,61.7
56.065743,57.943039,356.6444014593507,82.9479733321206,4.22536156375171,3,58.63529411764706
56.066705,57.943197,229.6112745944722,34.1729288162957,1.6466696110749726,3,27.488235294117647
55.706597,57.99134,138.15731944755896,74.63870029584342,1.6651401905653778,1,77.86875
55.707073,57.990643,451.7734850601632,64.16039472476322,1.808611108841058,1,45.63125
55.707603,57.991235,79.47306378596545,76.94776992955056,2.4469297036026534,4,28.6875
55.707944,57.990734,486.3034129527151,49.88126320286121,4.099581776261054,4,45.8125
55.702824,57.989789,304.57033163638755,36.491213902875224,3.336547296200862,3,6.064705882352941
55.710469,57.990033,462.2153988204943,30.9766859923835,2.507633621213024,3,28.3
55.711295,57.99072,344.97341939741455,55.42169123970794,2.971591768660772,4,104.89411764705882
55.709391,57.989947,410.02540393187473,91.96473603908515,4.826766825359331,2,28.9
55.707046,57.992318,363.7178729471553,97.43539975927597,1.4349625678480198,4,38.46875
55.7063,57.99196,439.072909039449,24.708695519524902,1.5806201091188576,1,30.0
55.699042,57.990882,433.60438027457786,69.48445341071657,1.640312492515867,1,24.3875
55.701054,57.990825,101.93799269901366,70.75216004064694,4.124056301002762,3,12.85
55.667484,58.004065,483.44988592075566,66.097051368248,3.018376885841976,4,204.07894736842104
55.668948,58.002883,64.73523465392205,70.00852329676438,1.79835593712207,4,207.93125
55.673395,58.002329,138.6040252423391,61.46713326021518,3.616012130734502,2,182.62
55.673368,58.0015,360.4403941085802,52.78812116814434,3.7781739480077685,1,128.17894736842106
55.675497,58.000374,431.4579396580972,96.32862318753158,4.637403876085193,4,151.63529411764708
55.675578,58.000856,273.6860492135372,91.0755417725091,2.1117274319370245,2,151.63529411764708
55.674374,58.001199,287.9032741784016,94.50164338195819,4.836496893770428,3,152.1
55.673692,58.003979,338.3110577826324,51.291946348022385,4.5896858487503085,1,52.7125
55.673692,58.003979,498.98349601943306,24.328780669988774,3.181562846882972,3,53.1625
55.673692,58.003979,482.6237668470885,82.64414734806002,4.060390548121523,1,95.1
55.673692,58.003979,383.5515656343709,20.515666001913957,4.397742394820216,1,80.675
55.673692,58.003979,449.60590641127783,82.15155866905104,2.8918113046526783,4,113.05625
55.673692,58.003979,301.4812636823845,56.686270707139734,3.452037341359546,3,98.075
55.673692,58.003979,216.1184755732797,30.100831254227593,1.3358304989940897,1,208.90625
55.673692,58.003979,262.72100127889667,22.20717547697643,4.378813304471718,1,112.19375
55.667987,58.004494,174.2414367165648,38.55125963475367,1.2381037361353933,2,210.66875
55.680627,58.004094,336.6516649713514,97.33901550313873,2.1813463031566096,2,116.59368421052632
55.681462,58.004156,140.54617424679705,72.67648383105704,3.2632916219542567,2,116.73263157894738
55.682163,58.004185,204.6009056839881,41.45993200718003,4.1088129921906935,1,116.88294736842104
55.682917,58.004227,388.7843199882655,62.36790221484288,2.094017353915086,2,115.53642105263158
55.677339,58.001886,103.26311732572675,33.66533430095949,2.279183188139759,2,154.34
55.681112,58.002606,230.98818862989106,86.4910851491417,4.544551012158124,2,108.90625
55.681776,58.00293,80.56361370366326,66.8989745951563,2.622192348061388,2,144.33529411764704
55.679549,58.001795,447.84907298596517,86.28427059533095,4.776802909567517,4,135.5
55.678812,58.001519,393.0146286402403,53.38797657030678,1.2248981462685293,4,132.7058823529412
55.680384,58.00243,252.25510591728957,36.27362224169366,2.5853761058222107,4,269.9375
55.678884,58.002802,128.55601466730832,26.661807296557186,4.137317909749818,1,357.15
55.677509,58.002339,144.59702255122932,82.53253891570054,2.8403911770410395,2,231.01176470588234
55.67918,58.006526,342.6653994217773,30.762529831382537,3.237632589110681,4,42.393
55.677662,58.006588,339.17591555637847,31.932619587818696,3.6909169873276757,2,19.513
55.576961,58.106181,305.76496906593627,76.49008879306407,1.869376059983419,3,40.05263157894737
55.573296,58.105653,214.83939228809197,21.044045541886103,4.035424643914901,2,161.275
55.576584,58.105834,354.1070230305031,84.38856767280113,2.0693976755089425,2,49.847368421052636
55.572784,58.105273,90.24913084093897,84.61369553460153,4.2149303434505985,2,162.51875
55.576144,58.105511,235.63518917850757,64.80359853789949,1.0357007668373166,3,46.92
55.572272,58.104902,168.85628005263737,46.5570524339679,4.533228121291612,3,168.75
55.57176,58.104541,464.08536496641113,82.18646244736195,2.86367176665271,1,153.6
55.576108,58.106324,160.6679447354691,32.030736331792355,1.6852642842168732,4,43.23529411764706
55.57149,58.104094,394.0632320261655,20.98127237358878,4.801451856377488,1,354.45625
55.575272,58.106424,135.8202015683439,95.14531983036949,1.4245252552592258,3,41.98823529411764
55.575353,58.105796,242.44598054193645,49.48630218464143,4.390002924922859,3,153.8235294117647
55.574212,58.104973,115.47634031680283,96.2224461432111,1.3198196782394755,2,164.4235294117647
55.573278,58.104113,321.5789697259837,80.83868127403659,1.5000499693101608,1,306.475
55.570826,58.102843,394.4749861882975,68.55351032573375,2.7307884670150875,3,84.35882352941177
55.570826,58.102843,55.609434937818435,65.13198289460178,3.2521783974768406,2,151.3941176470588
55.570826,58.102843,147.49559062630144,86.23293462244882,2.7725923253287896,1,151.08235294117648
55.554746,58.090224,459.4209518948774,21.120871019099646,4.068382469627764,1,18.16875
55.56381,58.103842,268.10903922818375,67.66721087295136,1.2193197187843596,1,48.41764705882353
55.563495,58.103537,315.4453121834278,27.383854295313903,2.341055160841413,3,42.358823529411765
55.563064,58.103228,440.6233464313454,59.62129662838193,3.971452671380282,2,44.42352941176471
55.573449,58.106143,469.8107008730144,40.2126572719034,3.004401991389471,2,535.825
55.571463,58.105815,250.74716549364427,87.76479348565678,2.429356033848077,1,46.41875
55.554746,58.090224,444.1838612039415,74.05706316748197,2.6352656564120376,4,21.28235294117647
55.57308,58.104712,88.82996151809527,41.4972613049469,2.926694279594276,1,15.11875
55.566765,58.103979,444.89398359476775,73.69299978919435,2.727166153409304,3,32.4
55.565705,58.104331,258.04721237998893,65.27873253985977,4.296109703558029,1,23.60625
55.554746,58.090224,112.55988248897592,79.36120417408138,2.7126129633494074,2,36.65882352941177
55.554746,58.090224,319.6836463525452,61.50724785655676,3.763009952679532,2,30.65625
55.554746,58.090224,234.2547613784383,37.168698282572066,4.493478771750388,4,55.72941176470588
55.554746,58.090224,265.5841388234694,60.67596048218668,4.871474054051455,2,12.6375
55.554746,58.090224,418.0216814028917,33.070233721184586,3.889317825458033,4,19.05625
55.554746,58.090224,306.43399769554844,43.54283079143363,3.2247201124547136,4,37.476470588235294
55.57308,58.104712,83.85594869737528,67.54384999544814,1.0313218337970649,2,36.3875
55.570385,58.105515,98.56339154918652,35.377142100971746,4.751251735335167,2,46.3
55.571023,58.105287,241.4074679436958,31.887088499830256,3.876854168341313,4,47.175
55.57061,58.104721,471.02527897414313,49.154271210393915,3.3796824321552577,1,165.80625
55.57105,58.103727,207.85577108644262,65.39054904523837,3.2096102490447693,4,273.18125
55.567286,58.102286,108.39729915165037,53.733257474415986,3.2046808923929766,3,23.6
55.570385,58.103404,58.070615042015476,98.98628035336657,2.5164961505738606,1,163.65625
55.568894,58.102729,188.8244288040467,38.60062294983997,1.0339899317221262,3,411.3588235294118
55.567852,58.101678,78.39177172138979,74.74060001674074,3.5157727548722915,3,253.24117647058824
55.567035,58.101483,437.4468693201838,57.91256395073604,1.7972560684005852,3,125.27058823529411
55.578138,58.104393,102.02223702569705,38.3476294531721,3.050251017220644,4,155.21176470588236
55.577823,58.103699,322.84808072411073,92.97504829271433,4.039637209371401,3,153.9764705882353
55.577446,58.103409,154.02612317439807,54.97745725603934,3.634762556292504,3,43.2
55.576611,58.103613,411.0398025908794,80.40076341884789,2.37329788332905,4,149.64117647058825
55.569316,58.040514,359.6848432122371,54.319358270615645,2.1623361363634253,2,36.2235294117647
55.569092,58.0428,468.35012050300395,66.46258714485043,4.508873172459537,4,3.1375
55.743212,57.938792,148.0443545272744,57.13827084013986,1.6481522994906666,2,29.71875
55.74253,57.939232,224.09261035917558,24.131384542862584,4.369282413181063,2,28.50625
55.74217,57.938811,127.88562388830456,47.92305025419193,1.8730502825133497,1,26.0625
55.741425,57.939289,229.33561324835844,77.7799669639703,3.1189561942577377,4,28.5125
55.74217,57.938811,104.03493801851523,96.05036532321002,2.4973903626007643,4,25.09375
55.743104,57.939853,293.87435654115046,20.317200760488127,2.163368393585271,4,16.5
55.989036,57.909245,340.7023338797764,45.75191310055072,1.1096133971440563,3,32.41
55.989405,57.90881,452.0796570465029,96.75973377162353,4.442927661181556,2,33.435
55.990078,57.909341,107.24845059922278,51.47406518335206,4.518898922975614,4,55.04375
55.938757,57.897285,279.51450788877037,48.68108677513415,2.4959843478195114,3,17.50625
55.937967,57.896314,214.97993933413665,49.00136191583716,3.9766195574826195,3,57.3
55.938757,57.897285,160.77306075172663,85.53234465853127,2.4397936833325113,3,16.70625
55.938515,57.896792,457.98696792247887,67.73449210087513,1.6451230033288362,4,58.83529411764706
55.939386,57.897533,479.7062234915188,36.704022145239776,3.021517277662535,1,16.70625
55.939431,57.897017,138.1829153002671,87.46256781381143,4.5085970848127985,1,52.65
55.939737,57.897902,326.32280159649935,56.223891776410554,1.6338131952759096,4,66.31875
55.939782,57.897333,453.0618302667606,81.35852288715147,4.957559525626927,4,42.6625
55.940464,57.897356,482.7025088027927,62.87479964895496,1.4748362285753966,2,69.275
55.940985,57.897634,302.8737095395546,87.0198866201416,2.1726064624920047,2,52.5375
55.937347,57.899824,270.81343652436817,77.09185942389055,4.815540715763339,1,60.72941176470589
55.938057,57.899471,444.4444193752319,97.58672126019354,3.6197376970202764,3,59.85294117647059
55.936206,57.899447,181.15642040937448,65.51285588763974,4.941816843224645,4,49.4
55.936943,57.89926,242.7560650456774,77.67013282244079,2.286225073557306,3,49.275
55.934913,57.89903,401.78184791065615,98.52966974727443,2.079667743752199,1,62.98823529411764
55.935056,57.898461,281.367750443156,21.59329937900509,4.536310700006208,4,59.90588235294118
55.933457,57.898547,199.06505023613354,78.62793795953108,2.8328884636846996,3,57.41764705882353
55.934257,57.898227,143.32710530270316,48.33676163103598,4.060537957459472,4,57.54705882352941
55.933422,57.898045,213.68420923791933,50.306060191276345,3.773460197661757,4,58.317647058823525
55.92195,57.891755,186.70461505305738,54.35681682241277,1.6724166381723502,1,43.641176470588235
55.921285,57.892171,157.89006549926705,58.420532220476744,3.563634073110684,1,46.65882352941177
55.922157,57.892186,229.75511153466576,60.72414467207039,3.199401855384579,4,22.541176470588233
55.930915,57.895276,61.56083962513031,86.0777686054711,3.4630997045871297,3,135.52
55.929981,57.895711,145.2596306402166,93.42783014053596,3.531214883545681,4,46.421052631578945
55.930277,57.896194,136.709317154144,65.3502090199008,1.5521331007271337,2,46.76470588235294
55.928759,57.896118,225.1237864539988,38.616155953473466,1.3451604689924443,3,70.82352941176471
55.92946,57.896864,157.41507937518162,69.52816592749677,4.250314252846014,1,46.76470588235294
55.938245,57.898729,492.51648733503527,74.98120498638826,3.226167497818659,4,59.8875
55.938982,57.898303,62.79097990664169,93.04288372852594,2.723873875053708,3,60.0375
55.938524,57.898141,412.27725616258397,98.96928984895288,2.0784412078450134,1,52.65
55.934499,57.897538,50.791393402555315,20.621435509803618,1.2037654192714613,2,42.705882352941174
55.93803,57.897988,176.43864192202585,37.161595936475024,4.386532494522696,4,58.4125
55.937563,57.89782,245.92181353240898,58.81565924458844,1.75281178197426,1,58.4375
55.937078,57.897672,303.43228271286597,84.3407576200311,3.6235297827898436,3,59.25
55.936584,57.897505,420.6126457433637,30.545747917485812,3.0988577570814804,2,58.475
55.947588,57.898686,76.01574295479196,20.05527643622628,3.957862845133701,3,41.76
55.957532,57.899504,269.8520667858987,83.77646162430455,3.9978557637420895,4,15.468421052631578
55.939,57.895869,112.18818481076977,70.59339073317174,3.329798834127194,4,37.42235294117647
55.92601,57.88788,130.8696591542315,61.103377241134325,2.401705302358324,2,7.473684210526316
55.928822,57.890841,320.3021851460351,64.36160800788969,2.651503750892373,3,14.529411764705882
55.927547,57.890095,393.6726936173661,83.06641521178355,3.1140473479563333,1,20.0
55.959239,57.89838,201.17208088472873,92.08494114209778,3.100934180444463,4,22.66470588235294
55.939171,57.900317,324.8145833494336,72.8046430243003,1.2442867993518467,4,52.92
55.938847,57.899188,440.99140523369294,83.70779284533764,1.4823995169358604,1,52.795
55.88264,57.935835,212.5251979884716,50.07442433961438,2.33338876150406,3,19.2
55.882334,57.935295,387.2847888849029,82.12308044984565,3.874045088064656,3,18.87857142857143
55.879118,57.931816,248.8604234607324,84.79532335193194,2.1028799784470875,3,17.9625
55.882334,57.935295,497.7951033874439,46.35699269919806,1.9768960259096646,2,29.857142857142858
55.885011,57.9355,234.56161715827045,43.76428324199416,3.305193363053446,3,24.557142857142857
55.876657,57.93142,379.3243391791727,84.41101143405655,2.885058899701941,3,19.3625
55.876944,57.930301,277.2821188322008,80.53959342774726,3.7397911154890413,2,21.2125
55.887239,57.926999,238.4347518328866,36.21409165318599,3.3345496026861947,4,51.525
55.886898,57.929747,479.45276249768807,72.65940398758201,3.796827742292189,1,20.41875
55.88697,57.929026,178.30835348706486,77.14953595672552,4.168422791189163,2,28.775
55.886071,57.929255,409.4530311131138,38.99804595905873,4.33529369989456,2,14.5625
55.889709,57.931085,335.90586119754516,52.23198717348225,4.671284540029006,1,10.66875
55.886556,57.92861,54.257574831967986,49.699076477973385,4.341179885677736,2,14.9125
55.886089,57.928744,144.62621644208565,97.99108010319719,4.505924841119096,2,15.9125
55.885649,57.928877,465.0031870892993,97.00685284067448,2.217639146718766,1,15.375
55.886008,57.928132,470.6221051878672,22.416278160928755,4.42052156899646,1,18.275
55.884661,57.928337,168.68519384592395,81.1805586118324,4.795727182668462,3,17.0875
55.88564,57.927797,430.73813024582273,22.80178045908783,2.2078640826588836,1,18.29375
55.883933,57.928065,108.94619549082731,71.01987089591876,3.309715339818738,3,16.8875
55.885218,57.927405,170.9151468720355,51.3697778447947,4.67377381825669,3,51.8125
55.884212,57.9272,158.20141872744415,86.28855572342131,2.8994805662223664,4,50.98125
55.887518,57.928753,351.6869107115749,23.773964808529016,1.3269830769293534,3,13.6875
55.886494,57.927778,228.94564625894884,30.302769531790055,4.377139536427199,2,73.7625
55.884481,57.929307,465.17336882653984,68.50429160184413,1.8888421813109177,1,26.7625
55.883475,57.929202,228.5915196993101,32.732124339798496,1.503390749388553,3,32.30625
55.883781,57.929747,73.16741929210059,92.26229006889713,3.4075085788677435,3,20.5875
55.856139,57.936508,199.56166397790835,45.15701800618491,3.7806464708944505,4,14.38125
55.856202,57.936193,135.5372427480388,31.56883380497237,4.201124228326,2,17.2
55.856526,57.935887,76.6364682973178,84.54324954661124,1.3620251837440271,1,16.228125
55.857334,57.936227,208.11357147595257,80.76230356269474,2.2961041705493512,4,17.2
55.91895,57.872241,168.81452800651635,35.28440425427054,2.8260020849412464,2,26.66875
55.918716,57.871724,169.40071076934788,61.16582283045135,3.904934891227977,2,27.7875
55.977673,57.858779,323.19819724073363,23.58036284536725,3.581249089746194,3,32.2625
56.126155,58.039885,448.4404794083065,38.43960338092514,2.2872792318984385,3,33.74375
56.12673,58.039813,450.7843357243976,59.94625837878494,3.2761999224936957,1,21.05
56.12735,58.039756,470.881191018936,30.830239102423633,2.8836177176323803,1,24.8375
56.127871,58.03969,363.7531445197304,76.8608627746044,3.5065195289036395,1,24.88125
56.12841,58.039632,435.1636816365645,33.59459021065032,3.8177954136919117,2,20.86875
56.129084,58.03957,471.0308287470651,67.35759921578813,4.1868301555889325,3,33.5875
56.130808,58.03877,124.33073053856494,58.52912439815718,1.801867213782454,1,239.65
56.133476,58.038532,216.92604571338518,22.769020496008086,1.2133995370993609,3,241.228125
56.133836,58.038003,456.46598308633975,66.09608177469676,1.7445741691595082,3,163.545
56.133836,58.038003,154.46898160666967,30.004541501903567,4.17765991912556,1,24.9175
56.13892,58.045239,412.8487364015068,33.99396768280983,3.683551742016732,4,137.925
56.138929,58.04461,383.18020924018776,90.71998507378531,3.3666219252750698,2,61.27894736842105
56.139432,58.04572,136.12662104130231,69.32571397093206,3.512402592141232,2,139.02105263157895
56.138731,58.045844,417.90672959188544,74.7239465299064,2.442119496725343,3,22.61875
56.145361,58.035383,464.57748828023585,41.72047834043791,1.7138778252062905,3,566.3509523809524
56.144032,58.035025,459.27845591320386,99.75090070640312,1.3724385073181549,3,96.67777777777778
56.141247,58.033853,462.16981655336156,65.70012798975799,4.993974856557991,2,519.3772727272727
56.121439,58.038794,196.42998011581716,32.269219986379895,4.286154581596536,4,412.8285714285714
56.123541,58.038903,139.05162962969945,30.715976008600485,1.8856858195452806,3,209.0857142857143
56.121753,58.038227,232.3347362205838,58.17699929199567,4.959823218593927,3,564.4578947368421
56.123855,58.038322,255.58310093389773,29.853252297985673,2.108738894693561,4,666.6157894736842
56.126631,58.039094,361.86070845397626,76.67140567733018,3.2528763268310463,4,205.9421052631579
56.127278,58.038956,350.75176845629505,46.048026564062354,2.6901208559806564,1,224.56842105263158
56.127979,58.038865,324.5880996361586,32.424438814085676,4.671279564930713,3,204.68421052631578
56.130018,58.037765,89.8289821998248,68.27347281220455,4.994471594098755,3,21.22222222222222
56.131509,58.03664,306.1110630578641,80.20859351279312,2.7047191507395665,4,273.5521052631579
56.132758,58.037627,56.86295891025714,32.34555006475067,1.324264899612701,2,146.71875
56.138848,58.034959,311.22528395126926,77.97473339826887,2.9918293399361247,3,215.18636363636367
56.127925,58.036655,174.20058460620857,36.08985879221072,3.8207601837720184,4,40.45625
56.128167,58.036993,490.750505494729,35.13970216873581,3.7796696426296714,1,35.0875
56.127494,58.037084,365.3821630886415,96.29926294036068,3.9446566824205864,3,39.63125
56.12885,58.037079,472.81635500858044,72.16197474568636,2.3638069602277643,2,21.905555555555555
56.129048,58.037555,200.09847602125942,93.28491438222902,1.3501161645799904,2,21.533333333333335
56.128419,58.037708,148.98684590812343,39.21926436841603,1.0131502599097812,3,189.6125
56.129048,58.037555,55.62744017313878,24.76805821285172,2.953461879326725,1,46.69625
56.129012,58.038937,313.0876352605832,31.838959100309747,3.917047357507678,4,271.75
56.12982,58.03908,294.47656884302,38.74341604148346,4.4227601663229885,3,103.8
56.125832,58.036945,464.4215282869009,69.50734158155618,3.3759781867175427,1,343.96875
56.1254,58.037784,194.96475531415572,69.82498192982217,2.498802186006074,3,285.9625
56.125724,58.039051,445.02813812975023,63.05589778551163,1.9018135426974205,2,379.5875
56.138426,58.032995,381.85884825862695,21.053650719243997,4.98291732347109,4,141.3
56.13009,58.036355,143.36173689271152,88.53245498324347,3.097268067194712,3,93.074375
56.129048,58.036512,442.2454906120588,35.596600792249134,2.260748541710056,2,93.610625
56.0951,58.042529,378.72318321375406,71.403075222987,2.4563676005609585,3,197.374375
56.095522,58.048021,352.99369987236105,53.41853481496601,3.4586477869504937,1,309.756875
56.093214,58.048802,379.83921829868154,85.29016058792718,3.5897273151302524,1,218.29375
56.092378,58.049207,282.35032407562846,21.6188729168468,4.72070958046033,2,218.755
56.091848,58.049493,490.924693005785,65.73227719760291,4.1823008546175195,4,219.31875
56.090528,58.048873,369.24349583727184,82.41864035532885,4.705986228071202,4,208.56842105263158
56.090923,58.04985,268.8652113136095,93.2000459126735,4.544814216802189,1,248.78125
56.090375,58.050107,378.09359497000867,31.19972207629317,1.9346009541251052,1,243.3375
56.088075,58.051688,94.01743680948817,53.62202007600181,2.180053492207497,3,211.42857142857142
56.086485,58.050736,264.2204367057562,31.317385770326844,3.981996630029139,2,289.47272727272724
56.08653,58.051598,80.75115212125486,84.15492995970062,4.4033007847508525,1,698.7190476190476
56.112438,58.041009,158.38054743288896,50.95531838892604,4.04740768906729,1,39.775
56.111629,58.041171,489.4361336494815,52.02260468578054,3.231673814307391,3,40.45625
56.110776,58.04159,385.096654685499,87.30640182782103,3.7792837069063663,3,32.2
56.10994,58.041781,156.8592656146672,62.35431724212225,2.174664341603929,2,40.15
56.111333,58.041838,309.2713499624284,48.23147180388315,3.6653059185271757,1,3.161111111111111
56.110911,58.041938,213.21886671640118,95.39022620152441,4.44045945469756,1,3.1944444444444446
56.108332,58.042157,241.32712758097657,51.61866288008855,2.2092450418459713,2,34.138888888888886
56.110587,58.04201,306.7823685617286,83.07010085338305,2.5513257084818135,1,2.716666666666667
56.107542,58.04221,393.202111445525,94.4384565678289,4.231191905223367,4,49.50555555555556
56.106006,58.042705,419.69801422676426,55.5110346368387,1.7307829362195064,4,97.51875
56.10509,58.042886,159.92031149485229,29.851710220547638,3.6266314799934705,2,54.9125
56.104218,58.042919,476.87024752193946,44.90039134856434,3.2436579992173966,3,40.2925
56.103607,58.0432,213.013863634326,93.001022940542,1.4240407835777766,2,41.78125
56.102862,58.04311,243.779359652347,69.71823805779579,3.801337363096695,3,51.9325
56.101793,58.043358,495.2371671570952,26.172646779512256,2.356377056035934,3,54.49
56.101344,58.043724,273.79310202718466,50.42176405350466,4.079168924091302,1,111.6125
56.094858,58.044091,295.426382379773,39.2716522876984,3.644359502279464,1,947.23125
56.090195,58.044429,433.5936546867294,86.96734657749846,2.3385294372712178,3,938.8842105263158
56.085497,58.044339,378.47652736205265,72.93798199355042,3.0220300702809,3,519.078947368421
56.083377,58.044325,354.812060644159,67.50271746129648,1.4841068552707983,3,349.2210526315789
56.081374,58.044482,159.97724765237942,37.61508972371782,3.923349779176308,4,697.9810526315789
56.083377,58.043906,426.53643318541697,32.250660981069885,4.762536913855459,3,182.8684210526316
56.084276,58.043715,341.83188153177775,65.56501179473872,2.180200165567866,3,111.6842105263158
56.09219,58.045358,437.012576598666,81.88749208825215,1.91133082329238,2,110.5125
56.091507,58.04542,319.71631215193383,35.34739642390886,4.346617569706653,4,126.175
56.090842,58.045396,416.32659256505355,30.202221889607976,3.372282039389167,1,127.375
56.089719,58.045177,73.15496922962018,54.783534001182275,4.500685503904441,2,210.84375
56.08821,58.045158,326.81328063589564,62.20442972567219,3.8568822012475366,4,159.96875
56.083386,58.045411,219.1054607895475,88.09189491706172,1.2007024691301535,3,393.13142857142856
56.113264,58.040204,169.41668915397804,87.60923084053381,2.1041554205943775,3,75.52727272727272
56.11304,58.039618,136.30872683834448,49.71041306767488,2.5875663347052367,2,27.686363636363637
56.107048,58.039356,187.18334184293408,37.89481235887625,1.893830645303809,4,23.833333333333332
56.106123,58.039594,473.1337657651303,94.46124086224182,3.311830111167225,1,23.233333333333334
56.105772,58.039956,89.83692107103872,26.524684188194563,4.8431291624408335,4,26.61111111111111
56.106437,58.040075,474.6784862154656,64.3650539059264,4.913132986442226,1,16.794444444444444
56.107398,58.039847,417.0323175897181,45.85775793592879,2.604495547625568,1,76.14375
56.107802,58.040256,349.12025335469303,35.85915980241442,3.4072128720717183,2,43.2
56.10818,58.040752,201.77256377713425,84.12426806998886,2.481062945597661,4,48.48888888888889
56.108323,58.041047,315.1628396147866,53.41239105457683,2.394126661538608,2,25.6
56.109267,58.041128,427.9592794040941,76.08697170814632,4.1294404258564015,3,25.975
56.107183,58.041333,276.56085290717556,53.191450790247714,2.64518937571473,2,544.8136363636363
56.109653,58.041533,330.37315283587253,40.68179097268373,3.1953571475031306,2,40.4625
56.108737,58.041571,181.05746109210082,22.358047174291087,3.964145605813099,2,25.9875
56.109015,58.041867,359.4585269810545,62.12691319117716,2.970242514933702,1,49.47222222222222
56.110075,58.043086,52.106192197893456,45.432646368878366,2.766688658083479,1,4.0125
56.115573,58.041762,141.11548452976854,78.69791212271612,4.449903363744452,1,4.3375
56.115088,58.041733,494.3755437002573,55.356918082524174,1.5775981133608226,2,16.60625
56.114612,58.041486,377.2291052096151,90.7373086249802,3.345396571791643,1,16.99375
56.114216,58.041738,411.5425712814809,51.36631385836057,2.8982115854234176,2,16.7125
56.113686,58.041738,146.11634892256907,74.22258237488649,2.5910642277451412,4,16.44375
56.111521,58.042233,155.31746410543093,75.2365080042272,3.4370482431131055,2,1.5777777777777777
56.109213,58.043048,459.47913565719153,69.88920014434103,2.4172630150963585,2,3.1555555555555554
56.110336,58.042481,360.47866886050133,44.68378660393424,2.7212244278480884,1,3.7055555555555557
56.108575,58.042877,217.36932843687873,99.29084990080338,1.4757230250770377,4,3.1944444444444446
56.118789,58.049207,195.08409418488563,55.740387358294086,2.2518646342283146,4,2.9526315789473685
56.118789,58.049207,57.62599582147522,40.75205770116827,4.872353195515506,4,3.6263157894736846
56.118789,58.049207,479.8102146933416,94.56321211421593,2.338672065332655,2,2.9263157894736844
56.118789,58.049207,178.30591569852768,96.84966630272753,2.1008083737431793,2,3.7578947368421054
56.094651,58.04895,346.8707599967151,78.14406648128039,1.1810709636257979,1,157.98125
56.09263,58.047907,324.8378474873817,47.65619702624537,4.79691410981771,1,157.2125
56.093986,58.043267,421.3147982179893,62.765537758555254,2.3816242392622726,3,419.23125
56.092127,58.047268,241.52420965225738,40.27819927147001,3.112767541242702,2,75.3625
56.092046,58.046078,323.3407852888879,34.26808784759449,4.554206343656595,1,61.2125
56.092091,58.046644,118.8041815908644,79.10954920990562,4.680474520834423,1,40.075
56.09051,58.042919,401.22819431093694,65.488999097459,1.9096206072181432,4,393.3
56.105763,58.039161,135.33763935995674,46.95620315092721,3.5476564813405287,4,15.933333333333334
56.10526,58.039332,142.25508211048617,47.08295591692832,1.2234395006616574,3,23.255555555555556
56.104065,58.039556,498.6977746062414,98.32944839174264,2.4891038149131948,3,22.8
56.101469,58.040166,370.5299098884897,48.386300322084786,3.4622686554109254,3,63.88125
56.10085,58.040418,493.9562684362903,46.0355284301003,3.5603403057836784,3,47.425
56.099493,58.040714,425.9237503624948,41.63973703645611,4.1415238967991765,4,47.65
56.098963,58.040766,485.1764032195649,68.34051081043356,2.8749308208508144,3,19.91111111111111
56.098343,58.040933,181.17884573465477,99.37462357806461,2.6060957999624526,4,40.7
56.092729,58.042443,165.44772464511067,25.372802823594192,4.983010538824793,1,219.973125
56.081239,58.042905,182.77152918036532,60.27149454146652,3.4636099706401433,1,512.578947368421
56.091705,58.047883,199.65318072522902,21.199766800724753,1.8156121233723153,2,157.38125
56.091327,58.047306,101.04511581322323,48.29902027449144,2.92803908595122,4,99.43125
56.0906,58.047102,359.7099007365057,90.75890497963627,4.342073403508238,4,156.075
56.08556,58.047807,194.51791570559968,32.460263012836194,1.7154820871613103,3,151.51052631578946
56.084563,58.047788,388.58352215163046,83.717202199474,2.6554576847456133,1,460.2
56.082371,58.046797,117.91954723840485,75.29797579029011,4.8413924943798055,2,828.4004761904762
56.083961,58.046578,301.9489011213974,55.633620664089875,4.28188587665478,3,815.4315789473685
56.083189,58.048931,287.3250899614151,77.90122465041982,1.0257335604851878,4,89.99545454545455
56.102862,58.040342,417.26285318567756,70.821115928213,1.3760277436517367,4,34.22222222222222
56.10376,58.040133,307.41893056938864,48.16286931576659,2.8368254836660842,1,27.305555555555557
56.104506,58.040247,238.32711211046757,31.000821903420707,1.7458429161964601,4,26.055555555555557
56.104137,58.040609,172.08147245523645,44.156052619666575,1.6201637919780798,4,18.922222222222224
56.10323,58.040823,417.02204803474604,46.46925977286368,1.3752678112413492,3,35.43888888888889
56.103491,58.041138,495.871009227123,29.09846982010576,2.797129702078107,2,48.56111111111111
56.104137,58.041991,233.8159248610972,68.40406213028513,3.867494573001877,3,28.783333333333335
56.10456,58.042457,164.73550320553585,20.29227531269843,3.823020255256196,4,34.794444444444444
56.098774,58.041381,198.0269712241431,70.70606384064857,2.941427005630168,2,40.925
56.099951,58.041214,214.37297661165283,57.015026595139304,1.770235200563274,3,147.30526315789476
56.098954,58.041738,473.28874853753194,40.837392942555695,2.3546619345911832,1,41.23125
56.099897,58.042858,473.72969320280373,46.059398555818625,1.6650972073725985,3,66.375
56.100275,58.043315,316.79272484139824,52.408705845812676,2.5218461312820026,1,49.78125
56.100598,58.043739,229.1493002858013,99.4070222802558,4.4928019043975596,1,79.9375
